Company,Date,Link,Text,Flesch_Ease,Gunning_Fog,A_01_score,A_01_reasoning,A_02_score,A_02_reasoning,B_01_score,B_01_reasoning,B_02_score,B_02_reasoning,B_03_score,B_03_reasoning,C_01_score,C_01_reasoning,C_02_score,C_02_reasoning,C_03_score,C_03_reasoning,C_04_score,C_04_reasoning,C_05_score,C_05_reasoning,C_06_score,C_06_reasoning,D_01_score,D_01_reasoning,Word_Count,Avg_A,Avg_B,Avg_C,Avg_D,Average_Main_Crit,Weighted_Main_Crit,Weighted_Subcrit,Average_Subcrit
Under Armour,2025-11-02T19:20:41.506Z,https://www.linkedin.com/posts/under-armour_shop-the-shoes-that-got-sharon-lokedi-over-activity-7390830228694249472-jY8k?utm_source=social_share_send&utm_medium=member_desktop_web&rcm=ACoAADqrELEB54AWnVjn_ZMrJgLJOGsdW0MjjpE,"Since her breakout win at the 2022 NYC Marathon, Lokedi has podiumed in four of her six marathons, but 2025 stands apart as her most impressive year yet. For this run, she trusted Under Armour’s UA Velociti Elite 3, the brand’s most advanced marathon race shoe engineered for speed, stability, and endurance, and the same model that powered her Boston Marathon victory. 

Now available on UA.com and in select run specialty stores, the Velociti Elite 3 continues to deliver when it matters most.

https://lnkd.in/dndqHcw",48.54857142857145,15.542857142857144,5.0,"The post is concise and does not repeat information unnecessarily. Each sentence introduces new details about the athlete, the product, or its availability.",3.0,"There is noticeable repetition of key terms such as 'marathon' (used four times) and 'Velociti Elite 3' (used twice). While not overly monotonous for a short post, it slightly impacts lexical diversity.",1.0,"The post contains vague claims without supporting evidence or specific details. Phrases like 'most impressive year yet,' 'most advanced marathon race shoe engineered for speed, stability, and endurance,' and 'continues to deliver when it matters most' lack specific actions, methods, or parameters to substantiate them.",3.0,"The post implies causal links, such as the shoe 'powered her Boston Marathon victory,' but these are marketing claims rather than explicit and verifiable causal chains. The reader is expected to accept the implied causation without further explanation.",1.0,"The post heavily relies on subjective 'puffery' and imprecise modifiers. Examples include 'most impressive year yet,' 'most advanced marathon race shoe,' and 'when it matters most,' which are not defined or tied to objective descriptors.",,"The post does not contain material numbers, statistics, or quantities that carry significant weight or meaning beyond simple counts (e.g., 'four of her six marathons') or dates, which are clearly presented.",5.0,"Temporal references are clear and fixed, such as '2022 NYC Marathon,' '2025,' and 'Now available.' There are no vague terms like 'soon' or 'recently.'",,"The post does not use percentages or proportional data, beyond the clear 'four of her six marathons' which is a simple fraction and not ambiguous.",5.0,"The scope of the post is clearly demarcated, focusing on the athlete Lokedi, her achievements, and the specific Under Armour shoe. There is no uncertainty about what the statements apply to.",5.0,The post provides sufficient context for its purpose as a marketing piece. The information about the athlete's success and the shoe's features is relevant and its significance within the context of promoting the product is clear.,1.0,"The language is vague and open to multiple interpretations, particularly in marketing claims. Phrases like 'most impressive year yet,' 'most advanced,' and 'continues to deliver when it matters most' lack technical definitions and could be interpreted differently by various readers, making it difficult to ascertain a single, objective meaning.",5.0,"The text is fully self-contained for its purpose as a promotional post. The core message, athlete endorsement, and product availability are all provided within the text. The external link is for purchasing, not for understanding the core logic or methodology of the claims.",84.0,4.0,1.6666666666666667,4.0,5.0,3.6666666666666665,3.6666666666666665,3.4,3.4
Under Armour,2025-09-22T15:33:23.394Z,https://www.linkedin.com/posts/under-armour_patrick-duroseau-on-making-an-impact-with-activity-7375915123816763393-ulHC?utm_source=social_share_send&utm_medium=member_desktop_web&rcm=ACoAADqrELEB54AWnVjn_ZMrJgLJOGsdW0MjjpE,"At Under Armour, we believe in showing up for others and Patrick Duroseau is doing just that through his work with Soles4Souls, a nonprofit that turns unwanted shoes and clothing into opportunity, by keeping them from going to waste and putting them to good use – providing relief, creating jobs and empowering people to break the cycle of poverty.

As a longtime volunteer and current Executive Board member, Patrick helps guide Soles4Souls’ strategy, strengthen financial oversight, and scale impact across global communities. From distributing shoes domestically in Baltimore and Atlanta to global missions in Haiti, Honduras, and the Dominican Republic, he’s seen firsthand how something as simple as a pair of shoes can restore dignity, unlock education, and create economic opportunity.

His leadership reminds teammates that giving back isn’t just a gesture, it’s a mindset. He encourages his teammates to adopt this thinking and fully leverage Under Armour’s 40 hours of annual paid #volunteer time. Making an impact in the community fuels connection, purpose, and growth for everyone involved.

#LifeatUA #FightonTogether",25.79666666666668,19.09803921568628,4.0,"The post is concise and avoids significant redundancy. While phrases like ""turns unwanted shoes and clothing into opportunity, by keeping them from going to waste and putting them to good use"" convey similar ideas, they serve to elaborate on the concept of ""opportunity"" rather than simply repeating information. Every sentence generally adds new information or builds upon previous points.",3.0,"There is noticeable repetition of key terms such as ""shoes"" (4 times), ""opportunity"" (3 times), and ""teammates"" (2 times). While these are central to the message, the repeated use slightly impacts the lexical diversity and flow, preventing a higher score.",2.0,"The post provides general details about Patrick's contributions (""guide Soles4Souls’ strategy, strengthen financial oversight, and scale impact"") and the outcomes of Soles4Souls' work (""providing relief, creating jobs and empowering people to break the cycle of poverty,"" ""restore dignity, unlock education, and create economic opportunity""). However, it lacks specific actions, methods, or parameters, leaving the reader with ""how"" or ""what"" questions regarding the implementation and specific impact.",2.0,"The statement ""something as simple as a pair of shoes can restore dignity, unlock education, and create economic opportunity"" presents a causal link. While intuitively understandable (e.g., shoes enable school attendance), the explicit mechanism or verifiable causal chain is not detailed. It presents outcomes as direct causation without explaining the intermediate steps, requiring the reader to make assumptions.",4.0,"The post uses modifiers that are generally precise and objective, such as ""longtime volunteer,"" ""current Executive Board member,"" and specific geographical locations. There is no overuse of subjective ""puffery."" While ""fuels connection, purpose, and growth"" is somewhat qualitative, it's common in motivational contexts and not overly vague.",5.0,"The only material quantitative data provided is ""40 hours of annual paid #volunteer time,"" which is presented with absolute precision, including the unit and context (annual, paid, volunteer time). There are no other numbers that lack units, scale, or meaning.",3.0,"The post uses broad temporal references like ""longtime volunteer"" and ""annual paid #volunteer time."" While ""annual"" provides a frequency, ""longtime"" is vague. Specific dates or triggers for updates are missing, which could provide more clarity.",,"The post does not contain any percentages or proportional data, making this criterion not applicable.",4.0,"The scope is generally well-defined. It clearly refers to Under Armour employees and Patrick's work with Soles4Souls. The geographical scope is also mentioned (""domestically in Baltimore and Atlanta to global missions in Haiti, Honduras, and the Dominican Republic""). While ""global communities"" is broad, the specific examples help to demarcate boundaries.",5.0,"The post provides deep context for the information. It clearly explains Patrick's role, the mission of Soles4Souls, and the significance of his work within the broader context of Under Armour's values and employee benefits. Every piece of information is placed within a clear narrative, explaining why it matters.",5.0,"The language used is straightforward and descriptive, leaving little room for multiple interpretations. The post's purpose is clear (highlighting employee volunteerism and encouraging participation), and the terms used are generally understood by a broad audience. There is no vague or nonspecific language that could be misinterpreted or used for ""greenwashing.""",5.0,"The post is fully self-contained. It introduces Soles4Souls, explains its mission, and details Patrick's involvement and impact without requiring the reader to refer to external documents or websites for core logic or understanding. All necessary information to grasp the message is provided within the text.",171.0,3.5,2.6666666666666665,4.4,5.0,3.8916666666666666,3.8916666666666666,3.8181818181818175,3.8181818181818175
Safari Industries (India) Ltd,2025,https://www.linkedin.com/posts/safari-industries-india-ltd%2E_storelaunch-newstore-travelessentials-activity-7373651280667414529-9WF6?utm_source=share&utm_medium=member_desktop&rcm=ACoAAFX9cucB265rYizKTaJoNqng6qm1sY5pZcI,"✨ Exciting News! Our New Store Has Arrived in Malda! ✨

We are thrilled to announce the grand opening of our latest store at PRM Centre Point Mall, Malda, West Bengal. 🎉

Discover a wide range of high-quality luggage and travel accessories that combine durability, style, and innovation — designed to accompany you on every journey.

📍 Location: PRM Centre Point Mall, Malda, West Bengal
🛍️ Visit us today and elevate your travel experience with our exclusive collections.

Let your next adventure begin here! 🚀✈️

#StoreLaunch #NewStore #TravelEssentials #Luggage #RetailExpansion #WestBengal #ShoppingExperience #Safari #Safaribags #UrbanJungle #SafariSelect #luggage #Backpack #BornToTravel

Nrupal Mehta Akassh Mittal Anaysha Choudhury
",24.5097278911565,14.696598639455784,3.0,"The post repeats the core message of a new store opening in Malda and its exact location multiple times, which could be more concise.",3.0,"Words like ""Malda,"" ""store,"" and ""luggage"" are repeated within the short text and hashtags, slightly impacting lexical diversity.",1.0,"The post makes vague claims about ""high-quality,"" ""durability, style, and innovation,"" and ""exclusive collections"" without providing any specific details, examples, or evidence to support these assertions.",,"The post is a simple announcement of a store opening and product offering, and does not contain any explicit causal claims or ""if-then"" structures to assess for ambiguity in causation.",1.0,"The post heavily relies on subjective and undefined modifiers such as ""Exciting News,"" ""thrilled,"" ""high-quality,"" ""wide range,"" and ""exclusive collections"" without providing objective descriptors or definitions.",,"The post does not contain any material numbers, statistics, or quantities, making this criterion not applicable.",5.0,"The post uses clear temporal markers like ""grand opening"" and ""Visit us today,"" indicating a current event with no ambiguity regarding the timing.",,"The post does not use any percentages or proportional data, making this criterion not applicable.",5.0,"The scope is precisely defined, referring specifically to ""Our New Store"" at ""PRM Centre Point Mall, Malda, West Bengal,"" leaving no uncertainty about the extent of the claim.",5.0,"The post provides clear context by announcing a new store opening for a known brand (implied by hashtags like ""Safari"") in a specific location, making its relevance and significance immediately clear to the target audience.",5.0,"The language used is direct and unambiguous, clearly stating the purpose of the post (a new store opening) without any vague or nonspecific terms that could lead to multiple interpretations.",5.0,"The post is fully self-contained, providing all necessary information (what is happening, where, and what is offered) without requiring external references or links for full comprehension.",105.0,3.0,1.0,5.0,5.0,3.5,3.5,3.6666666666666665,3.6666666666666665
Page Industries Ltd,2022,https://www.linkedin.com/posts/jockey-india_pageindustries-pil-pageians-activity-6882612137534091264-7mmc?utm_source=share&utm_medium=member_desktop&rcm=ACoAAFX9cucB265rYizKTaJoNqng6qm1sY5pZcI,"Page Industries Ltd wishes all followers a happy and safe New Year!

#pageindustries #pil #pageians #jockey #speedo #jockeyindia #speedoindia",50.25565789473683,14.326315789473682,5.0,The post is a simple New Year's greeting and contains no substantive information that could be repeated. Every word serves its purpose in conveying the message.,5.0,The post is very concise. The main text 'Page Industries Ltd wishes all followers a happy and safe New Year!' uses unique words. The hashtags are standard for social media and do not constitute repetitive vocabulary in the context of the main message.,,"The post is a New Year's greeting and does not make any claims or provide details that would require supporting evidence or implementation specifics. Therefore, this criterion is not applicable.",,"The post is a simple greeting and does not describe any causes or effects, nor does it make any correlational or causal claims. Therefore, this criterion is not applicable.",5.0,The modifiers 'happy' and 'safe' are appropriate and objective in the context of a New Year's greeting. They are not subjective 'puffery' and do not introduce imprecision.,,"The post does not contain any material numbers, statistics, or quantities. Therefore, this criterion is not applicable.",5.0,The temporal reference 'New Year' is clear and unambiguous in the context of a greeting. No vague terms or broad timeframes are used that would require further clarification.,,"The post does not contain any percentages or proportional data. Therefore, this criterion is not applicable.",5.0,The scope of the statement is clearly defined: 'Page Industries Ltd wishes all followers'. There is no uncertainty about who is making the wish or to whom it applies.,5.0,"The context is perfectly clear; it is a New Year's greeting from a company to its followers. No raw data is dumped, and the relevance is immediately understood.",5.0,The language used in the greeting is straightforward and has only one possible interpretation: a wish for a happy and safe New Year. There is no vague or nonspecific language that could lead to multiple meanings.,5.0,"The post is a self-contained New Year's greeting. It does not require any external references, websites, or documents to be fully understood. The message is complete on its own.",19.0,5.0,5.0,5.0,5.0,5.0,5.0,5.0,5.0
Titan Company Limited,2022-01-05T09:29:23.344Z,https://www.linkedin.com/posts/titan-industries_spotlightontitanians-lifeattitan-titancompany-activity-6884425574253756416-9LTi?utm_source=social_share_send&utm_medium=member_desktop_web&rcm=ACoAAEFryNABZQXF2Nkdh4xuFAnasIjxrUgCnCE,"5 Professional Goals for 2022

Narasimhan YL walked through the doors of Titan in 2005. Every day since then, his journey has been filled with moments of learning, growth and teamwork. As we step into 2022, he shares 5 pieces of professional advice to help carve your very own success story this year.

1. Always trust the journey. A solid process in place is half the job well done. 

2. Set realistic goals but with room for exploration/experimentation. 

3. Build and nurture your team based on trust. 

4. Take time out for self and family to balance out. Step back, reflect and refresh.

5. Last but surely not the least, enjoy every bit of the step with gratitude.

#SpotlightOnTitanians #LifeAtTitan #TitanCompany",69.81876033057854,7.375206611570248,5.0,"The post is concise, and each of the five points offers distinct advice without repeating information. Every sentence provides new, unique information essential to the reader's understanding of the advice.",5.0,"The post demonstrates excellent lexical diversity. While 'journey' is used twice, it's in different contexts ('his journey' and 'trust the journey'), and the overall vocabulary is varied enough to keep the prose fluid and engaging without noticeable repetition that disrupts flow.",1.0,"The post provides very vague claims without any supporting evidence or details on how to implement the advice. For example, 'Set realistic goals but with room for exploration/experimentation' offers no guidance on how to set such goals or what 'exploration/experimentation' entails. It leaves the reader with significant 'how' questions.",1.0,"The post presents advice as general truths or beliefs rather than explicit causal chains. For instance, 'A solid process in place is half the job well done' is a statement of correlation or belief, not a verifiable causal link explaining how Input A leads to Output B. There are no clear, verifiable causal explanations.",1.0,"The post heavily relies on subjective 'puffery' and imprecise modifiers. Examples include 'solid process,' 'realistic goals,' 'enjoy every bit,' and 'surely not the least.' These terms are not defined and lack objective descriptors, making them vague and open to individual interpretation.",,"The post mentions '5 Professional Goals' and '5 pieces of professional advice,' which are counts of items within the post itself. It does not contain any material numbers, statistics, or quantities that carry significant weight or meaning in an analytical context, thus this criterion is not applicable.",5.0,"The post uses fixed temporal markers like '2022' and 'this year,' clearly defining the timeframe for the advice. It avoids vague terms like 'soon' or 'recently' and provides specific temporal context.",,"The post does not use any percentages or proportional data, so this criterion is not applicable.",5.0,"The scope of the advice is clearly demarcated as personal professional development for an individual ('your very own success story'). It is not unclear whether it applies to a company, industry, or global universe.",5.0,The post provides deep context by framing the advice as an employee's personal journey and professional wisdom shared for the new year. The relevance and significance of the information are immediately clear within the context of an employee spotlight and motivational content.,1.0,"The language used is highly general and motivational, allowing for multiple interpretations. Phrases like 'trust the journey,' 'build and nurture your team based on trust,' and 'enjoy every bit of the step with gratitude' are subjective and lack technical definitions, meaning they could be interpreted in various ways by different readers, rather than having a single, clear meaning.",5.0,"The post is fully self-contained. All the advice and context are provided within the document itself, and there is no need to refer to external websites, documents, or appendices to understand its core message or logic.",121.0,5.0,1.0,4.0,5.0,3.75,3.75,3.4,3.4
Under Armour,2025-08-14T14:14:48.452Z,https://www.linkedin.com/posts/under-armour_tini-stoessel-joins-under-armour-championing-activity-7361762221158199296-kSS_?utm_source=social_share_send&utm_medium=member_desktop_web&rcm=ACoAADqrELEB54AWnVjn_ZMrJgLJOGsdW0MjjpE,"Tini Stoessel Joins Under Armour, Championing a New Era of Performance and Self-Expression 

Argentinian pop sensation Tini is UA’s newest brand #ambassador, bringing her signature blend of strength, authenticity, and style to the forefront of #sport and #culture. 

With a fanbase that spans continents, Tini represents a new generation of #athletes. She will headline both regional and global campaigns, co-creating digital storytelling, live activations, and wellness-driven initiatives.  

https://lnkd.in/eB9mqVgM",18.360686274509845,19.654901960784315,5,"The post is concise and each sentence provides new information regarding Tini Stoessel's role as a brand ambassador for Under Armour, her attributes, and the types of initiatives she will be involved in. There is no unnecessary repetition of data.",5,"The post uses varied vocabulary for its length. While 'Tini' is repeated, it is the subject of the announcement and not repetitive in a way that impacts flow or engagement. Key terms are used appropriately without excessive repetition.",1,"The post provides very general details without specifics. Claims like 'signature blend of strength, authenticity, and style,' 'new generation of athletes,' and 'wellness-driven initiatives' are vague and leave the reader with significant 'how' and 'what' questions regarding implementation and specific actions.",N/A,"The post is an announcement of a partnership and a role, not a discussion of causes and effects. It does not present any causal claims or 'if-then' structures, making this criterion not applicable.",1,"The post uses subjective 'puffery' without definition, such as 'signature blend of strength, authenticity, and style,' 'new era of performance and self-expression,' and 'forefront of sport and culture.' These modifiers are vague and lack objective descriptors.",N/A,"The post does not contain any material numbers, statistics, or quantities, so this criterion is not applicable.",1,"The post uses vague temporal terms like 'new era' without providing any specific timeframes, dates, or triggers for the mentioned campaigns or initiatives.",N/A,"The post does not use any percentages or proportional data, so this criterion is not applicable.",3,"The scope is generally defined as 'regional and global campaigns' and 'sport and culture,' which provides a broad understanding. However, the exact extent or range of 'new generation of athletes' or 'wellness-driven initiatives' still has some 'gray areas' regarding specific target demographics or program boundaries.",3,"The post provides basic context about Tini Stoessel and her role. However, it lacks deeper context regarding the strategic importance of this partnership for Under Armour, how it aligns with their broader goals, or the specific weight of these initiatives in the company's overall strategy.",3,"While the language is generally clear for an announcement, certain terms like 'strength, authenticity, and style' or 'wellness-driven initiatives' are broad and could be interpreted in multiple ways, especially by a non-expert. It's not 'greenwashing' level, but it's not 'single-meaning' prose either.",1,"The post includes a link (https://lnkd.in/eB9mqVgM) which implies that the core logic, specific details, and further context for the announcement are housed externally. The post itself serves as a high-level teaser, requiring external reference for full understanding.",,,,,,,,,
Under Armour,2025-06-12T13:30:44.016Z,https://www.linkedin.com/posts/under-armour_lifeatua-fertilitybenefits-employeesupport-activity-7338920694056951809-NuDI?utm_source=social_share_send&utm_medium=member_desktop_web&rcm=ACoAADqrELEB54AWnVjn_ZMrJgLJOGsdW0MjjpE,"We believe that supporting our Under Armour teammates means showing up for every chapter of their lives—including the journey to parenthood.
 
When teammate Crystal Sherrod first discussed UA’s fertility benefits, it was through heartfelt conversations with her teammates who had walked the same path. That sense of community and shared experience is what makes our culture so special. 
 
Through our medical plan, U.S. based teammates have access to a flexible and comprehensive benefit that includes:
🩺 Covered initial consultations and diagnostic testing
🏥 Access to a wide network of clinics
🎯 Point-based system for personalized treatment paths, including the option to begin with IVF
🤝 Dedicated point of contact to help navigate the process
 
For Crystal, this benefit wasn’t just helpful—it was life-changing. After 17 years at UA and welcoming a child through her IVF journey, she described the support as ""the best bonus UA has ever given me!"" From generous parental leave to leadership that understands the time and emotional investment fertility treatment requires, UA’s commitment to employee well-being goes far beyond the workplace.
 
#LifeAtUA #FertilityBenefits #EmployeeSupport #WorkplaceWellbeing #UnderArmourMakesYouBetter",30.206136363636375,17.20909090909091,4,"The post maintains a consistent theme of supporting employees through fertility benefits, but each paragraph introduces new information or a different angle (introduction, personal anecdote context, benefit specifics, personal impact, broader commitment). There is no extreme redundancy where multiple paragraphs convey the exact same data without adding value, but some ideas are reinforced.",3,"There is noticeable repetition of key terms such as 'teammates,' 'UA,' and 'benefit.' While not creating a monotonous tone, the repeated use of these words slightly impacts the flow, though the meaning remains clear. Lexical diversity could be improved.",3,"General details about the fertility benefits are provided (e.g., 'Covered initial consultations,' 'Point-based system,' 'Dedicated point of contact'). However, it leaves the reader with 'how' or 'what' questions regarding implementation, such as how the 'point-based system' works or the specifics of the 'wide network of clinics' or the extent of coverage.",5,The post clearly establishes causal links. It explains how UA's fertility benefits led to a 'life-changing' experience for Crystal and how the commitment to employee well-being is demonstrated through specific support like parental leave and understanding leadership. There are no correlational claims presented as causation.,3,"The post uses some imprecise modifiers such as 'heartfelt conversations,' 'special culture,' 'flexible and comprehensive benefit,' 'wide network,' and 'generous parental leave.' While these are not 'puffery' to an extreme degree, they are subjective and lack objective definition where specifics might have been possible.",N/A,"The post does not contain any material numbers, statistics, or quantities that carry significant weight or meaning. The '17 years at UA' refers to an employee's tenure, which is incidental data, not a core quantitative claim about the benefit itself.",1,"The post uses vague temporal terms without specific timeframes. For example, 'When teammate Crystal Sherrod first discussed...' and 'After 17 years at UA and welcoming a child...' lack specific dates or periods. There are no fixed temporal markers, specific frequencies, or historical ranges defined.",N/A,The post does not use any percentages or proportional data.,5,The scope of the claim is clearly defined: the benefits apply to 'U.S. based teammates' of Under Armour. There are no ambiguities regarding which parts of the organization or which geographical areas are being referred to.,5,"Deep context is provided. The information about fertility benefits is placed within the broader context of employee well-being, company culture, and a personal, 'life-changing' impact. It clearly explains why the information matters and its significance.",3,"The prose is mostly clear, but certain terms like 'flexible and comprehensive benefit' or 'point-based system' could be interpreted in slightly different ways by a non-expert without further elaboration on their specific parameters. However, the language is not so vague as to enable 'greenwashing' or hiding underperformance.",5,"The text is fully self-contained. It describes the fertility benefits, their components, and their impact without requiring the reader to refer to external documents or websites for core logic, methodology, or definitions. All necessary information to understand the post's message is provided within the document.",,,,,,,,,
Under Armour,2025-04-04T15:57:33.754Z,https://www.linkedin.com/posts/under-armour_shari-manning-on-volunteering-with-team-rubicon-activity-7313952882049892352-UpqS?utm_source=social_share_send&utm_medium=member_desktop_web&rcm=ACoAAEEwhR8BmoWSRVBrwSVy1xrDQ-w28beKGSw,"At Under Armour, we believe in the importance of making a difference in the communities where we live and work. To support our teammates in being a force for good, we are proud to offer 40 hours of annual paid volunteer time. This benefit provides our team the opportunity to support the causes they are passionate about, whether it's coaching youth, participating in environmental clean-ups, or helping local nonprofits.
 
This Volunteer Month, we're proud to celebrate the incredible efforts of our team members who dedicate their time and skills to make a difference and highlight one teammate who used her volunteer hours to make an #impact. 
 
Shari Manning supported our longstanding partner Team Rubicon in their relief efforts in Georgia following Hurricane Helene. She knew this was an opportunity to help uplift a community in need and she encourages other teammates to get involved.

#lifeatua #volunteermonth #fightontogether",37.61387755102044,15.202721088435375,3,"The post contains some filler content and restates the core message of 'making a difference' or 'being a force for good' multiple times using slightly varied phrasing, which could be streamlined. For example, 'we believe in the importance of making a difference', 'support our teammates in being a force for good', 'opportunity to support the causes they are passionate about', 'dedicate their time and skills to make a difference', and 'make an #impact' all convey a similar sentiment without adding significantly new information.",3,"There is noticeable repetition of key terms such as 'support' (used four times), 'team/teammates/team members' (used five times), and 'community/communities' (used three times). While not creating a monotonous tone, this repetition slightly disrupts the flow and indicates a limited lexical diversity, though the meaning remains clear.",3,"General details are provided, but the post leaves the reader with 'how' or 'what' questions regarding implementation and specific impact. For instance, 'making a difference in the communities where we live and work' is vague. Examples like 'coaching youth, participating in environmental clean-ups, or helping local nonprofits' are general categories rather than specific actions or methods. Shari Manning's 'relief efforts' are mentioned, but the specific actions she took are not detailed.",4,"The causal links are present and logical, such as offering volunteer time to enable teammates to be a 'force for good' and Shari Manning's support helping to 'uplift a community'. The post does not present correlational claims as causation. While the causal chains are not explicitly detailed with mechanisms, they are clear enough not to require significant assumptions from the reader.",2,"The post uses several subjective modifiers or 'puffery' without definition, such as 'importance of making a difference', 'force for good', 'incredible efforts', and 'community in need'. These terms are imprecise and lack objective descriptors, making the claims less verifiable and more promotional.",5,"The only material number provided, '40 hours of annual paid volunteer time', is presented with absolute precision, including the quantity, unit, and frequency. There is no ambiguity regarding this specific quantitative data.",3,"Broad timeframes are given, such as 'annual' for the volunteer time and 'This Volunteer Month' for the current celebration. The reference to 'following Hurricane Helene' is specific to an event but lacks a precise date. While these provide some temporal context, specific dates or triggers for updates on the program's activities or future plans are missing.",N/A,"The post does not contain any percentages or proportional data, so this criterion is not applicable.",5,"The scope is clearly demarcated. Statements apply to 'Under Armour' as a company, 'our teammates' (employees), and specific examples like 'Georgia following Hurricane Helene' and 'Team Rubicon'. There are no 'gray areas' regarding who or what is being referred to.",3,"The post provides basic context by explaining what Under Armour offers and why it matters generally. However, it lacks deep context regarding the specific weight of this initiative within Under Armour's broader ESG strategy, overall participation rates, or measurable outcomes of the volunteer hours. The significance of '40 hours' is not placed within a larger framework or benchmark.",2,"The language used, such as 'making a difference', 'force for good', 'incredible efforts', and 'uplift a community in need', is vague and can be interpreted in multiple ways. These terms lack specific definitions and could potentially be used to 'greenwash' or present a positive image without concrete, measurable achievements, making it difficult for a non-expert to fully grasp the specific impact.",5,"The text is fully self-contained. It does not require the reader to refer to external documents, websites, or appendices to understand its core message, the volunteer program, or the example provided. All information necessary to comprehend the post is present within the text itself.",,,,,,,,,
Safari Industries (India) Ltd,2025,https://www.linkedin.com/posts/safari-industries-india-ltd%2E_badmintontournament-teamspirit-funatwork-activity-7348591245344018432-Muq6?utm_source=share&utm_medium=member_desktop&rcm=ACoAAFX9cucB265rYizKTaJoNqng6qm1sY5pZcI,"🏸 Smashing Success at Our Badminton Tournament – 5th July 2025! 🏆

What a fantastic day it was as our teams battled it out on the court during our Inter-Department Badminton Tournament held on 5th July 2025! The energy, excitement, and enthusiasm were unmatched.

From powerful smashes to strategic drop shots, every match showcased amazing talent, sportsmanship, and team bonding. 💥💪

👏 A big round of applause to all the winners and participants who made the tournament a grand success — your spirit truly defines what it means to be a team!

Here’s to more such vibrant moments that bring us together beyond our workstations. 🥳

#BadmintonTournament #TeamSpirit #FunAtWork #EmployeeEngagement #SportsDay #LifeAtSafari #July2025 #Safari #Safaribags #UrbanJungle #SafariSelect #luggage #Backpack #BornToTravel",34.72610619469029,14.952718078381796,5,"The post is concise and each sentence contributes to the celebratory message without repeating information unnecessarily. It's a short social media update, and it's efficient in its communication.",4,"While some celebratory terms like 'success' and 'team' are used multiple times, the overall lexical diversity is good for a short social media post, and it maintains flow without becoming monotonous.",N/A,"This criterion is not applicable as the post is a celebratory social media update about an event, not a report or statement requiring granular detail on specific actions, methods, or parameters related to a business process or ESG initiative.",N/A,"The post is descriptive and celebratory, focusing on an event and its positive atmosphere rather than making explicit causal claims or 'if-then' structures. Therefore, ambiguity in causation is not present.",1,"The post heavily relies on subjective 'puffery' such as 'fantastic day,' 'unmatched energy, excitement, and enthusiasm,' 'amazing talent,' and 'grand success.' These modifiers are not objective descriptors but rather expressions of sentiment, which is typical for a celebratory social media post.",N/A,"The post does not contain any material numbers, statistics, or quantities that would require units, scale, or specific meaning in an ESG context. The date '5th July 2025' is an incidental figure, not a material quantity.",5,"The post provides a fixed temporal marker with the specific date '5th July 2025,' leaving no ambiguity regarding when the event took place.",N/A,"The post does not use any percentages or proportional data, rendering this criterion not applicable.",5,"The scope is clearly demarcated as 'our Inter-Department Badminton Tournament,' indicating it applies specifically to the company's internal event and not a broader context.",N/A,"The post is a simple celebratory message about an internal company event, and its relevance is self-evident within that context. It does not present complex information or metrics that require deep contextualization to understand their significance.",5,"The prose is straightforward and celebratory, using common language that leaves no room for multiple interpretations or potential misinterpretations. There is no technical jargon or vague phrasing that could lead to ambiguity.",5,"The post is fully self-contained, providing all necessary information to understand the event without requiring external references or additional documents. It does not direct the reader to 'see website' or 'refer to external document' for core understanding.",,,,,,,,,
Safari Industries (India) Ltd,2025,https://www.linkedin.com/posts/safari-industries-india-ltd%2E_safariindustries-travelsentryawards-awardwinningdesign-activity-7343949679866347521-KNoG?utm_source=share&utm_medium=member_desktop&rcm=ACoAAFX9cucB265rYizKTaJoNqng6qm1sY5pZcI,"🏆 Double Win for Safari! 🏆

We’re proud to share that we have been recognized with two prestigious awards at the Travel Sentry Product Awards 2025! ✈️🎉

This global recognition celebrates our dedication to design excellence, travel security, and customer-centric innovation in the luggage industry.

🔹 Award 1: [Phoenix LT - Soft Luggage https://lnkd.in/dsCZfkz5]
🔹 Award 2: [Caliber - Hard Luggage https://lnkd.in/dtTdKyC6 ]

These accolades are a reflection of our team’s passion, precision, and pursuit of perfection in every product we craft. A heartfelt thank you to our customers, partners, and the entire Safari family for being part of this incredible journey.

Here's to setting new benchmarks in travel gear! 🌍🧳
#SafariIndustries #TravelSentryAwards #AwardWinningDesign #InnovationInTravel #ProudMoment #LuggageThatLeads #MadeForTheWorld #Safari #Safaribags #UrbanJungle #SafariSelect #luggage #Backpack #BornToTravel",23.094157088122643,16.87969348659004,5,The post is concise and every sentence contributes to the announcement and expression of gratitude. There is no unnecessary repetition of information.,4,"While words like ""awards"" and ""travel"" are repeated, it's within the context of a short announcement and doesn't significantly disrupt the flow or create a monotonous tone. The lexical diversity is adequate for the post's length and purpose.",1,"The post makes vague claims about ""design excellence, travel security, and customer-centric innovation"" without providing any specific details or evidence of how these were achieved or what specific features of the products led to the awards. The links provided are to the products themselves, not to detailed explanations of the award criteria or the winning attributes.",3,"The post implies a causal link between ""dedication to design excellence, travel security, and customer-centric innovation"" and winning the awards. While the link is logical, the specific mechanisms or verifiable actions that led to the win are not explicitly detailed, requiring the reader to make assumptions about the direct cause-and-effect.",1,"The post heavily relies on subjective ""puffery"" such as ""prestigious awards,"" ""global recognition,"" ""incredible journey,"" and ""setting new benchmarks."" These modifiers are not defined or supported by objective descriptors, making the claims feel vague and promotional rather than factual.",N/A,"The post does not contain any material numbers, statistics, or quantities that would require evaluation for clarity or precision.",5,"The post uses a fixed temporal marker, ""Travel Sentry Product Awards 2025,"" which clearly defines the timeframe for the recognition.",N/A,The post does not contain any percentages or proportional data.,5,"The scope is clearly demarcated, referring specifically to ""Safari,"" two named products (""Phoenix LT"" and ""Caliber""), and the ""Travel Sentry Product Awards 2025"" within the ""luggage industry.""",4,"The post provides sufficient immediate context for the announcement (winning two awards, global recognition). While it doesn't delve into the broader industry implications or the specific weight of these awards in the ""big picture,"" it clearly explains the relevance of the information within the scope of a celebratory post.",5,"The prose is straightforward and celebratory, announcing specific awards for specific products. There is no vague or nonspecific language that could lead to multiple interpretations or be used to obscure performance.",3,"The core message of winning awards is present, but understanding the specific products that won and potentially the details of their ""design excellence"" or ""customer-centric innovation"" would require clicking the provided external links. The post is not fully self-contained regarding the specifics of the award-winning products.",,,,,,,,,
Safari Industries (India) Ltd,2025,https://www.linkedin.com/posts/safari-industries-india-ltd%2E_internationalyogaday-wellnessatwork-employeewellbeing-activity-7342823913841688576-_owi?utm_source=share&utm_medium=member_desktop&rcm=ACoAAFX9cucB265rYizKTaJoNqng6qm1sY5pZcI,"Today, our team came together to embrace the spirit of balance, mindfulness, and well-being through a rejuvenating yoga session at the workplace.

From ""Surya Namaskar"" to ""Deep Breathing"", our employees took a mindful pause from their busy routines to prioritize health — both physical and mental.

At Safari, we believe wellness is not just a practice, but a culture. A huge thank you to everyone who participated and brought such positive energy to the day! 🌿✨

Here’s to staying healthy, centered, and connected — on and off the mat. #InternationalYogaDay #WellnessAtWork #EmployeeWellbeing #HealthyWorkplace #YogaForLife #Safari #Safaribags #UrbanJungle #SafariSelect #luggage #Backpack #BornToTravel",31.415850340136075,15.104761904761904,5,"The post is concise and each sentence provides new, unique information essential to the reader's understanding of the event and the company's stance on wellness, without unnecessary repetition.",3,"While the post is short, terms like 'wellness,' 'health,' and 'mindful' are repeated. This is noticeable but does not severely disrupt the flow or make the tone monotonous given the brevity.",N/A,"The post is a descriptive announcement of an event and a statement of company culture, rather than making claims that would require detailed implementation steps or supporting evidence.",N/A,"The post describes an action (employees prioritizing health through yoga) and a company belief, but it does not present complex causal claims or 'if-then' structures that would require evaluation for ambiguity in causation.",4,"The post uses modifiers such as 'rejuvenating,' 'mindful,' and 'positive energy.' While subjective, these are appropriate for the context of a wellness event and are not used as 'puffery' to make vague business claims.",N/A,"The post does not contain any material numbers, statistics, or quantities, making this criterion not applicable.",5,"The post uses the specific temporal marker 'Today' and references '#InternationalYogaDay,' which is a fixed and widely understood date, leaving no ambiguity about the timing of the event.",N/A,"The post does not contain any percentages or proportional data, making this criterion not applicable.",5,"The scope is clearly demarcated, referring to 'our team,' 'our employees,' and 'At Safari,' indicating that the statements apply specifically to the company's internal activities.",5,"Deep context is provided; the post clearly explains the event (yoga session) and its significance within the company's culture ('wellness is not just a practice, but a culture'), making its relevance immediately clear.",5,The language is straightforward and descriptive of a yoga session and a positive workplace culture. There are no vague or nonspecific terms that could be interpreted in multiple ways or used for 'greenwashing.',5,"The post is fully self-contained. It describes the event, the participants, and the company's philosophy without requiring any external links, documents, or additional information to be fully understood.",,,,,,,,,
Safari Industries (India) Ltd,2025,https://www.linkedin.com/posts/safari-industries-india-ltd%2E_design-tour-mumbai-activity-7323941240046010368-J9yn?utm_source=share&utm_medium=member_desktop&rcm=ACoAAFX9cucB265rYizKTaJoNqng6qm1sY5pZcI,"Empowering Creativity through Collaboration!
It was energizing to see such enthusiastic participation, diverse perspectives, and creative approach come together in one space.

A big shoutout to Nazuk Keshan for turning this workshop into a masterclass in design thinking.

Kudos to Parul University for fostering such a passionate and creative student Community!!

#designtour #designworkshop #industrialvisit #Safaribags #Safari #UrbanJungle #SafariSelect #luggage #Backpack #BornToTravel",3.0618360655738,19.306229508196722,5,"The post is concise and each sentence conveys new, unique information, focusing on expressing gratitude and enthusiasm without repeating data or facts.",4,"While words like 'creative' appear twice and 'enthusiastic/passionate' are used, the post is very short, and the repetition does not significantly disrupt the flow or create a monotonous tone. Lexical diversity is reasonable for the length.",1,"The post provides extremely vague claims about 'empowering creativity' and a 'masterclass in design thinking' without any supporting details on what was done, how it was achieved, or what the specific outcomes were. It leaves the reader with many 'how' and 'what' questions.",N/A,The post is an appreciative message and does not attempt to explain causal links or processes. It states observations and gives credit rather than detailing how specific inputs led to specific outputs.,1,"The post heavily relies on subjective 'puffery' such as 'energizing,' 'enthusiastic,' 'diverse,' 'creative approach,' 'masterclass,' and 'passionate.' These modifiers are not defined or supported by objective facts, making the claims vague.",N/A,"The post does not contain any material numbers, statistics, or quantities, so this criterion is not applicable.",1,"The post uses vague temporal references like 'It was energizing to see' without providing any specific dates, timeframes, or duration of the workshop, making the timing unclear.",N/A,"The post does not contain any percentages or proportional data, so this criterion is not applicable.",1,"The scope of the 'workshop' and 'student Community' is not clearly defined. It's unclear how many people participated, which specific areas of design thinking were covered, or the broader context of 'Empowering Creativity through Collaboration!' beyond this single event.",1,"The post provides raw positive sentiment without explaining the relevance or significance of the workshop. It doesn't explain why this event matters to Safari bags, Parul University, or the broader design community, leaving the reader unsure of its 'big picture' weight.",1,"The language used is highly vague and open to multiple interpretations. Terms like 'empowering creativity,' 'masterclass in design thinking,' and 'passionate and creative student Community' lack specific definitions or examples, making it possible for a reader to interpret them very broadly or even as 'greenwashing' if applied to a performance context.",3,"The post itself is a short appreciative message that can be understood at a surface level without external links. However, to grasp the 'core logic' or substance of the claims made (e.g., what made it a 'masterclass in design thinking,' or how creativity was empowered), significant external information about the workshop's content, methodology, and outcomes would be required.",,,,,,,,,
Page Industries Ltd,2022,https://www.linkedin.com/posts/jockey-india_pageians-pageindustries-pil-activity-6892756437462872064-OkPH?utm_source=share&utm_medium=member_desktop&rcm=ACoAAFX9cucB265rYizKTaJoNqng6qm1sY5pZcI,"Page Industries celebrated the 73rd Republic Day across all manufacturing facilities

#pageians #pageindustries #pil #jockey #jockeyindia #speedo #speedoindia #73rdrepublicday",-3.9131578947367984,24.4421052631579,5,"The post is a single, concise sentence stating a fact. There is no unnecessary repetition of information or filler content.",5,"The post is very short and uses simple, direct language without any noticeable repetition of words or phrases that would impact flow or engagement.",1,"The post is extremely vague. It only states that an event occurred ('celebrated the 73rd Republic Day') but provides no details whatsoever about the nature of the celebration, what it entailed, or its significance. It leaves the reader with significant 'how' and 'what' questions.",N/A,"The post is a simple statement of fact and does not make any claims about causation or 'if-then' structures. Therefore, this criterion is not applicable.",5,"The post uses objective language ('celebrated,' '73rd Republic Day,' 'across all manufacturing facilities') and does not contain any subjective 'puffery' or imprecise modifiers.",N/A,"The post mentions '73rd Republic Day,' which is an ordinal number for an event, not a material number, statistic, or quantity that carries significant weight or meaning in an ESG context. No other quantitative data is present.",5,"The reference to '73rd Republic Day' is a fixed temporal marker, clearly indicating a specific annual event (January 26th of the relevant year).",N/A,"The post does not use any percentages or proportional data, so this criterion is not applicable.",5,"The scope of the celebration is clearly demarcated as 'across all manufacturing facilities,' leaving no uncertainty about its extent.",1,"The post provides raw information about a celebration without explaining its relevance or significance to the company's operations, culture, or any broader ESG context. It's unclear why this information is being shared beyond a simple announcement.",5,The language used is straightforward and factual ('celebrated the 73rd Republic Day across all manufacturing facilities'). There are no vague or nonspecific terms that could lead to multiple interpretations.,5,"The post is a standalone announcement. While it lacks detail, its core message (that the company celebrated Republic Day) is fully understood without needing to refer to any external documents or websites.",,,,,,,,,
Page Industries Ltd,2022,https://www.linkedin.com/posts/jockey-india_pageindustries-pil-jockey-activity-6906540481568735232-Ah5M?utm_source=share&utm_medium=member_desktop&rcm=ACoAAFX9cucB265rYizKTaJoNqng6qm1sY5pZcI,"Happy Women’s Day!
We thank our 22000+ women employees who are the backbone of our organisation.

#pageindustries #pil #jockey #speedo #jockeyindia #speedoindia #womensday2022",40.888115942029,11.762318840579711,5,The post is concise and delivers its message without any unnecessary repetition. Every sentence provides unique information.,5,"The post is very brief, and there is no noticeable repetition of words or phrases that would impact flow or engagement.",3,"The post provides a general statement of appreciation ('backbone of our organisation') but lacks specific details on the contributions or roles of these employees. While appropriate for a celebratory post, it leaves the reader with 'how' or 'what' questions if seeking deeper insight.",N/A,The post is a celebratory message expressing gratitude and does not contain any claims of causation or 'if-then' structures to evaluate.,5,The post uses the metaphor 'backbone' which is clear in its intent to convey importance. There are no vague or subjective modifiers that lack definition or precision.,5,"The number '22000+' is clearly tied to 'women employees' and the context of 'our organisation,' providing sufficient unit and scale for this brief statement.",5,"The post is explicitly tied to 'Women's Day' (further clarified by #womensday2022), providing a clear and fixed temporal marker for the message.",N/A,"The post does not contain any percentages or proportional data, so this criterion is not applicable.",5,"The scope is clearly defined as 'our organisation' and further specified by the company and brand hashtags, leaving no uncertainty about the extent of the claim.",5,"The post provides clear context as a Women's Day greeting, explaining the relevance and significance of thanking their women employees on this occasion.",5,"The language used is direct and unambiguous, with 'backbone of our organisation' being a commonly understood idiom for essential support, leaving no room for multiple interpretations.",5,The post is a fully self-contained celebratory message that does not require any external references or additional information to be completely understood.,,,,,,,,,
Page Industries Ltd,2022,https://www.linkedin.com/posts/jockey-india_pageians-pageindustries-pil-activity-6938380827089068032-l4eJ?utm_source=share&utm_medium=member_desktop&rcm=ACoAAFX9cucB265rYizKTaJoNqng6qm1sY5pZcI,"We are Hiring!

To Apply, visit https://lnkd.in/gVNJ7Q5 for more details.

#pageians #pageindustries #pil #jockey #speedo #jockeyindia #speedoindia #workwithus #openpositions #vacancyjob",32.56000000000003,"ERROR: 429 RESOURCE_EXHAUSTED. {'error': {'code': 429, 'message': 'You exceeded your current quota, please check your plan and billing details. For more information on this error, head to: https://ai.google.dev/gemini-api/docs/rate-limits. To monitor your current usage, head to: https://ai.dev/rate-limit. \n* Quota exceeded for metric: generativelanguage.googleapis.com/generate_content_free_tier_requests, limit: 20, model: gemini-2.5-flash\nPlease retry in 12.899930825s.', 'status': 'RESOURCE_EXHAUSTED', 'details': [{'@type': 'type.googleapis.com/google.rpc.Help', 'links': [{'description': 'Learn more about Gemini API quotas', 'url': 'https://ai.google.dev/gemini-api/docs/rate-limits'}]}, {'@type': 'type.googleapis.com/google.rpc.QuotaFailure', 'violations': [{'quotaMetric': 'generativelanguage.googleapis.com/generate_content_free_tier_requests', 'quotaId': 'GenerateRequestsPerDayPerProjectPerModel-FreeTier', 'quotaDimensions': {'location': 'global', 'model': 'gemini-2.5-flash'}, 'quotaValue': '20'}]}, {'@type': 'type.googleapis.com/google.rpc.RetryInfo', 'retryDelay': '12s'}]}}",,,,,,,,,,,,,,,,,,,,,,,,,,,,,,,,,
Page Industries Ltd,2022,https://www.linkedin.com/posts/jockey-india_pageians-pil-pageindustries-activity-6940254376099753985-4pPc?utm_source=share&utm_medium=member_desktop&rcm=ACoAAFX9cucB265rYizKTaJoNqng6qm1sY5pZcI,"Importance of Ergonomics in the Workplace

Not only does ergonomics increase comfort; it increases productivity and decreases stress. 

#pageians #pil #pageindustries #jockey #speedo #jockeyindia #speedoindia #productivity #managingstress #ergonomics #ergonomicsolutions",-6.2549137931034124,"ERROR: 429 RESOURCE_EXHAUSTED. {'error': {'code': 429, 'message': 'You exceeded your current quota, please check your plan and billing details. For more information on this error, head to: https://ai.google.dev/gemini-api/docs/rate-limits. To monitor your current usage, head to: https://ai.dev/rate-limit. \n* Quota exceeded for metric: generativelanguage.googleapis.com/generate_content_free_tier_requests, limit: 20, model: gemini-2.5-flash\nPlease retry in 2.723207s.', 'status': 'RESOURCE_EXHAUSTED', 'details': [{'@type': 'type.googleapis.com/google.rpc.Help', 'links': [{'description': 'Learn more about Gemini API quotas', 'url': 'https://ai.google.dev/gemini-api/docs/rate-limits'}]}, {'@type': 'type.googleapis.com/google.rpc.QuotaFailure', 'violations': [{'quotaMetric': 'generativelanguage.googleapis.com/generate_content_free_tier_requests', 'quotaId': 'GenerateRequestsPerDayPerProjectPerModel-FreeTier', 'quotaDimensions': {'location': 'global', 'model': 'gemini-2.5-flash'}, 'quotaValue': '20'}]}, {'@type': 'type.googleapis.com/google.rpc.RetryInfo', 'retryDelay': '2s'}]}}",,,,,,,,,,,,,,,,,,,,,,,,,,,,,,,,,
Titan Company Limited,2022-01-31T10:55:29.432Z,https://www.linkedin.com/posts/titan-industries_titancompany-lifeattitan-activity-6893869326902947840-AxHL?utm_source=social_share_send&utm_medium=member_desktop_web&rcm=ACoAAEFryNABZQXF2Nkdh4xuFAnasIjxrUgCnCE,"It's the last day of the month. And a Monday on top of that. How are you staying motivated today? Here are some ways to lift your spirits and set the tone for a great week ahead.

#TitanCompany #LifeAtTitan",81.96951923076924,"ERROR: 429 RESOURCE_EXHAUSTED. {'error': {'code': 429, 'message': 'You exceeded your current quota, please check your plan and billing details. For more information on this error, head to: https://ai.google.dev/gemini-api/docs/rate-limits. To monitor your current usage, head to: https://ai.dev/rate-limit. \n* Quota exceeded for metric: generativelanguage.googleapis.com/generate_content_free_tier_requests, limit: 20, model: gemini-2.5-flash\nPlease retry in 52.554870267s.', 'status': 'RESOURCE_EXHAUSTED', 'details': [{'@type': 'type.googleapis.com/google.rpc.Help', 'links': [{'description': 'Learn more about Gemini API quotas', 'url': 'https://ai.google.dev/gemini-api/docs/rate-limits'}]}, {'@type': 'type.googleapis.com/google.rpc.QuotaFailure', 'violations': [{'quotaMetric': 'generativelanguage.googleapis.com/generate_content_free_tier_requests', 'quotaId': 'GenerateRequestsPerDayPerProjectPerModel-FreeTier', 'quotaDimensions': {'location': 'global', 'model': 'gemini-2.5-flash'}, 'quotaValue': '20'}]}, {'@type': 'type.googleapis.com/google.rpc.RetryInfo', 'retryDelay': '52s'}]}}",,,,,,,,,,,,,,,,,,,,,,,,,,,,,,,,,
Titan Company Limited,2022-03-30T10:03:24.075Z,https://www.linkedin.com/posts/titan-industries_leadersinfocus-lifeattitan-titancompany-activity-6914874714410688512-4GlZ?utm_source=social_share_send&utm_medium=member_desktop_web&rcm=ACoAAEFryNABZQXF2Nkdh4xuFAnasIjxrUgCnCE,"This month in #LeadersInFocus, we’ve got Sumant Sood - Head of Innovation, Titan Company Limited, talking about the things that make him tick and sharing tips for youngsters to stay ahead of the game.
#LifeAtTitan #TitanCompany",31.11571428571429,"ERROR: 429 RESOURCE_EXHAUSTED. {'error': {'code': 429, 'message': 'You exceeded your current quota, please check your plan and billing details. For more information on this error, head to: https://ai.google.dev/gemini-api/docs/rate-limits. To monitor your current usage, head to: https://ai.dev/rate-limit. \n* Quota exceeded for metric: generativelanguage.googleapis.com/generate_content_free_tier_requests, limit: 20, model: gemini-2.5-flash\nPlease retry in 42.367461142s.', 'status': 'RESOURCE_EXHAUSTED', 'details': [{'@type': 'type.googleapis.com/google.rpc.Help', 'links': [{'description': 'Learn more about Gemini API quotas', 'url': 'https://ai.google.dev/gemini-api/docs/rate-limits'}]}, {'@type': 'type.googleapis.com/google.rpc.QuotaFailure', 'violations': [{'quotaMetric': 'generativelanguage.googleapis.com/generate_content_free_tier_requests', 'quotaId': 'GenerateRequestsPerDayPerProjectPerModel-FreeTier', 'quotaDimensions': {'location': 'global', 'model': 'gemini-2.5-flash'}, 'quotaValue': '20'}]}, {'@type': 'type.googleapis.com/google.rpc.RetryInfo', 'retryDelay': '42s'}]}}",,,,,,,,,,,,,,,,,,,,,,,,,,,,,,,,,
Titan Company Limited,2022-09-11T04:37:34.797Z,https://www.linkedin.com/posts/titan-industries_titan-go-green-launch-in-pantnagar-activity-6974586716619759616-oSH8?utm_source=social_share_send&utm_medium=member_desktop_web&rcm=ACoAADwGx2IBMJdzHSb2ujHdOLlm6mVVIp7L_Fw,"Here's some sneak peak from our Titan Go Green launch in Pantnagar, Uttarakhand.

Vehicle courtesy : Tata Passenger Electric Mobility Limited


#TitanGoGreen #GoGreen #RunForSustainability #Marathoners #GoGreenRun #LifeAtTitan #VirtualRun #PlantATree #GoGreenMovement",-6.2549137931034124,"ERROR: 429 RESOURCE_EXHAUSTED. {'error': {'code': 429, 'message': 'You exceeded your current quota, please check your plan and billing details. For more information on this error, head to: https://ai.google.dev/gemini-api/docs/rate-limits. To monitor your current usage, head to: https://ai.dev/rate-limit. \n* Quota exceeded for metric: generativelanguage.googleapis.com/generate_content_free_tier_requests, limit: 20, model: gemini-2.5-flash\nPlease retry in 32.160279871s.', 'status': 'RESOURCE_EXHAUSTED', 'details': [{'@type': 'type.googleapis.com/google.rpc.Help', 'links': [{'description': 'Learn more about Gemini API quotas', 'url': 'https://ai.google.dev/gemini-api/docs/rate-limits'}]}, {'@type': 'type.googleapis.com/google.rpc.QuotaFailure', 'violations': [{'quotaMetric': 'generativelanguage.googleapis.com/generate_content_free_tier_requests', 'quotaId': 'GenerateRequestsPerDayPerProjectPerModel-FreeTier', 'quotaDimensions': {'location': 'global', 'model': 'gemini-2.5-flash'}, 'quotaValue': '20'}]}, {'@type': 'type.googleapis.com/google.rpc.RetryInfo', 'retryDelay': '32s'}]}}",,,,,,,,,,,,,,,,,,,,,,,,,,,,,,,,,
Titan Company Limited,2022-10-18T08:58:44.495Z,https://www.linkedin.com/posts/titan-industries_family-activity-6988060791123951616-kIIw?utm_source=social_share_send&utm_medium=member_desktop_web&rcm=ACoAADwGx2IBMJdzHSb2ujHdOLlm6mVVIp7L_Fw,"Second film in the Tanishq Jewellery’s series of festive films, ‘Pehli Diwali’ staying true to its narrative captures the essence of Pehli diwali with our new Family. The film breaks into the life of a Lieutenant in The Indian Air Force celebrating her first Diwali away from home with her new Air Force family. Through the film, Tanishq celebrates the growth stories the Indian woman is crafting for herself. 

#NayiShururat Ki #PehliDiwali",53.44,"ERROR: 429 RESOURCE_EXHAUSTED. {'error': {'code': 429, 'message': 'You exceeded your current quota, please check your plan and billing details. For more information on this error, head to: https://ai.google.dev/gemini-api/docs/rate-limits. To monitor your current usage, head to: https://ai.dev/rate-limit. \n* Quota exceeded for metric: generativelanguage.googleapis.com/generate_content_free_tier_requests, limit: 20, model: gemini-2.5-flash\nPlease retry in 21.989806369s.', 'status': 'RESOURCE_EXHAUSTED', 'details': [{'@type': 'type.googleapis.com/google.rpc.Help', 'links': [{'description': 'Learn more about Gemini API quotas', 'url': 'https://ai.google.dev/gemini-api/docs/rate-limits'}]}, {'@type': 'type.googleapis.com/google.rpc.QuotaFailure', 'violations': [{'quotaMetric': 'generativelanguage.googleapis.com/generate_content_free_tier_requests', 'quotaId': 'GenerateRequestsPerDayPerProjectPerModel-FreeTier', 'quotaDimensions': {'model': 'gemini-2.5-flash', 'location': 'global'}, 'quotaValue': '20'}]}, {'@type': 'type.googleapis.com/google.rpc.RetryInfo', 'retryDelay': '21s'}]}}",,,,,,,,,,,,,,,,,,,,,,,,,,,,,,,,,
