,Unnamed: 0.1,Unnamed: 0,Company Name,Year,Date,Text,URL,sentence_count,Gunning_Fog,A_01_score,A_01_reasoning,A_02_score,A_02_reasoning,B_01_score,B_01_reasoning,B_02_score,B_02_reasoning,B_03_score,B_03_reasoning,C_01_score,C_01_reasoning,C_02_score,C_02_reasoning,C_04_score,C_04_reasoning,C_05_score,C_05_reasoning,C_06_score,C_06_reasoning,D_01_score,D_01_reasoning,L_01_score,L_01_reasoning,word_count,Crit_A,Crit_B,Crit_C,Crit_D,Crit_L,AverageRDBL
0,0,0,Aquafil SpA,2026,2026-04-10T20:20:37.816Z,"Tessilquattro Srl (Aquafil Group), in collaboration with the Università di Trento, Indivenire, #ProMFacility by Trentino Sviluppo S.p.A., and Caracol AM, has developed the MAGRITTE composite - an innovative material combining ECONYL® nylon with natural clay - brought to life through the design NILLA by Elide Beltrami. Produced through large-scale additive manufacturing, NILLA is made thus from post-consumer and post-industrial waste, resulting in a versatile and easily transportable solution for the furniture sector. Supported by the Autonomous Province of Trento, this project highlights how digital technologies and Made in Italy expertise can accelerate the transition towards a truly regenerative economy.

Want to explore innovative manufacturers like this?
Come visit us at Stecca3 during Milan Design Week!
👉 Visit our website through the link https://lnkd.in/dqM5KeMt

#MilanDesignWeek #MDW2026 #Fuorisalone #TheNewStateOfMaterials #MaterialInnovation #AdvancedMaterials #IsolaDesignDistrict #Materially #SustainableMaterials #DesignWeek

ECONYL® brand",https://www.linkedin.com/posts/materially-eu_magritte-project-milano-design-week-2026-ugcPost-7448337906538123264-BXlv?utm_source=social_share_send&utm_medium=member_desktop_web&rcm=ACoAABs09r4BuVySre7W6Nsx80Mjly2zKtSu_JM,9,19.024242424242427,5,"The post communicates a clear, non-redundant description of the MAGRITTE composite, the materials involved, the collaborators, the design, and the intended impact. Each sentence adds distinct information without repeating the same point unnecessarily.",3,"There is some repetition of core terms (e.g., material, design, collaboration) but not to a disruptive extent. The post remains readable, though lexical variety could be improved with additional synonyms or rephrasing.",3,"Provides general details about the material and manufacturing approach but lacks granular implementation details (parameters, processes, or quantitative specs), leaving some questions about how it’s specifically realized.",3.0,"Uses causal language (accelerate the transition to a regenerative economy) but the causal link is presented at a high level without rigorous evidence or mechanism, making the causal claim plausible but not firmly substantiated.",3,"Contains several qualifiers (e.g., innovative, versatile, easily transportable) that are somewhat subjective. Not extreme puffery, but some imprecision in modifiers.",,"No numeric data, units, or quantified metrics are provided, so this criterion is not applicable.",5.0,"Temporal markers are explicit: references to Milan Design Week and the MDW2026 hashtag provide a fixed timeframe, giving clear temporal context.",5,"Scope is clearly defined: the post describes a specific material/product and its application in the furniture sector, within a defined event context and collaboration scope.",5,"Context is well anchored, explaining relevance to digital technologies, Made in Italy, and a regenerative economy, placing the information within a meaningful larger picture.",5,Language is mostly precise and unambiguous; technical terms are used clearly and there is little room for misinterpretation.,5,"The post is self-contained, providing sufficient background (materials, collaborators, event, and purpose) without requiring external documents to be understood.",3,"An emoji/gesture is used to draw attention and reinforce engagement, but it does not overwhelm the message; occasional symbolic emphasis is present without excessive manipulation.",135,4.0,3.0,5.0,5.0,3.0,4.090909090909091
1,1,1,Gildan Activewear Inc,2026,2026-03-18T12:00:25.548Z,"At Gildan, career development goes beyond training. We support our people’s growth through a blended approach that combines formal learning with meaningful hands-on experience, helping them build rewarding, long-term careers.

This commitment to developing our talent has earned us a place on the 2026 Montreal’s Top Employers list.

From leadership to early-career talent, IT Business Analyst, David Meerson, and Chief Human Resources Officer, Brooke Ferguson, CHRE, share how Gildan’s investment in learning, mentorship, and real-world experience supports employee growth at every stage of their careers.

Read more: https://lnkd.in/dxHRruEg",https://www.linkedin.com/posts/gildan_2026-montreal-top-employer-activity-7440004181857288192-lrfk?utm_source=social_share_send&utm_medium=member_desktop_web&rcm=ACoAAFgUjgkBGSmiRXCkFw7DGB-O57R2S_JLFDk,5,15.221818181818184,5,"The post is concise and each sentence provides new, unique information (e.g., blended learning approach, hands-on experience, and long-term career impact) with no obvious restatement or filler.",5,"Lexical variety is strong; terms like career development, growth, learning, mentorship, and real-world experience are used with different phrasing to maintain engagement.",3,"Provides general details about the blended approach but lacks specifics on implementation, metrics, or steps, leaving questions about how exactly growth is facilitated.",3.0,Claims that the commitment led to an award imply causation but lack supporting detail or evidence within the post; the linkage reads as plausible but not strongly substantiated.,3,"Uses some subjective modifiers (e.g., meaningful, rewarding, long-term) without precise definitions, leading to occasional imprecision in tone.",,"No numeric data or quantities are presented to evaluate quantitative ambiguity (numbers without units, scales, or meaning are absent).",5.0,Explicit fixed temporal marker present: reference to the 2026 Montreal’s Top Employers list provides a specific year.,5,Scope is clearly defined around Gildan’s talent development approach and related leadership to various career stages within the company; boundaries are explicit.,3,"Context is relevant and connected to growth and investment in people, but the post does not deeply integrate these metrics into a broader hierarchy or rationale.",5,"Language is mostly unambiguous and straightforward, with a single clear interpretation of the described initiatives and outcomes.",5,The post is largely self-contained; it conveys the main idea and its implications without requiring external information to understand the core message (aside from the optional link for more details).,5,No exclamation marks or emoticons are used; the tone remains factual and businesslike rather than emotionally manipulative.,88,5.0,3.0,4.5,5.0,5.0,4.2727272727272725
2,2,2,Suominen Oyj,2025,2025-08-20T06:00:36.120Z,"Suominen team will be attending EDANA’s OUTLOOK™25 conference in Budapest, Hungary from September 23 to 25, 2025.

As part of the experience, we are excited to host our traditional Run with Suominen event. Join us for a refreshing 5K run or walk – a moment to connect, network and enjoy the beautiful surroundings. 

Sign up via the registration link in the comment field by September 10, and meet our team on Wednesday, September 24 at 7:00 AM in the lobby of the Budapest Marriott Hotel. The first participants to arrive will get a running t-shirt.

Let’s make every step count – see you there!",https://www.linkedin.com/posts/suominen-corporation_suominen-team-will-be-attending-edanas-outlook-activity-7363812177457143808-i0Tp?utm_source=social_share_send&utm_medium=member_desktop_web&rcm=ACoAAChuQRMBdHkIwKp5VAh3LX4A3zkCuYtgrK0,6,11.505882352941178,5,"The post provides new, non-redundant information in each sentence: announcement of attendance, description of the Run with Suominen event, 5K option, signup deadline, meeting time/place, incentive (t-shirt), and closing note. There is no unnecessary repetition of the same data.",3,"There is some repetition of key terms (e.g., the event name 'Run with Suominen' and dates), but overall the lexical variety is moderate. The sentences follow similar structures and terminology, reducing diversity somewhat.",5,"The post includes granular details: event name, location, dates, concrete activity (5K run or walk), signup deadline, meeting time and place, and incentive. It provides actionable specifics.",,"There are no explicit cause-effect claims or causal chains described in the post (it's a straightforward announcement), so the criterion of ambiguity in causation is not applicable.",3,"The post uses some subjective modifiers (e.g., 'refreshing,' 'beautiful surroundings'), which are imprecise. Occasional use of such modifiers is present but not excessive.",5.0,"Quantities are given with units and clear meaning (5K run, dates, times). The data is concrete and interpretable.",5.0,Specific temporal markers are provided (dates and a precise time for the meetup). No temporal ambiguity.,5,Scope is clear: attendees of a conference and a separate Run event at a specified venue. Boundaries are well defined.,5,"Context is well placed within a recognizably relevant business activity (conference attendance, networking during a Run event), making its significance clear within the post.",5,Descriptive language is precise and unambiguous; the post communicates its intent without multiple plausible interpretations.,3,"The post is largely self-contained (dates, times, location, activities). However, it references signing up via a link in the comments, which requires looking at external content, so it is not entirely self-contained.",5,No emoticons or exclamation marks are used to manipulate emotion; the tone remains factual and professional.,104,4.0,4.0,5.0,3.0,5.0,4.454545454545454
3,3,3,Zhejiang Semir Garment Co Ltd,2026,2026-01-07T05:57:42.668Z,"balabala x Pierre Guignard x Xu Xiaoxue New Year Collection: Weaving Heritage into Wearable Art 🧶 

As balabala approaches its 24th anniversary, we reunite with French illustrator Pierre Guignard and Chinese intangible cultural heritage inheritor Xu Xiaoxue to launch this New Year collection that marries contemporary design with timeless tradition, not only showcasing balabala’s innovative craftsmanship but also underscoring its commitment to bridging cultures through wearable art.

We aspire to give children more than new clothes, but a wearable legacy of Eastern memory.

We draw the warmest shades of red from millennia of culture, reinterpreting them through a modern lens. 

This collection honors tradition while staying relevant today, gently wrapping every child in its radiant hues, vibrant yet refined, festive and full of grace.

Check out our recently held New Year’s event and see how cultures and wearable art are nicely blended.

Explore more: https://balabala.com/",https://www.linkedin.com/posts/semir-international_balabala-semirgroup-culturalcollaboration-activity-7414545751130791936-j3UJ?utm_source=social_share_send&utm_medium=member_desktop_web&rcm=ACoAAD83cM8BveTBQe8d728MIe5rgAE_6phyUq0,6,19.87777777777778,3,"There is some redundancy in themes (heritage, wearable art, bridging cultures, tradition vs modern), but not extreme repetition. Each sentence adds a related but not identical idea.",3,"Repetition of key terms like 'wearable art', 'tradition', and 'culture' occurs, which slightly affects flow but the text remains understandable and varied enough.",3,"The post includes concrete details (anniversary, collaborators, event) but often states aims (bridging cultures, wearable legacy) without concrete implementation details, leaving some questions about how it will be realized.",,No explicit causal chains or cause-effect statements are made; the text is descriptive marketing rather than arguing that X causes Y.,3,"Uses descriptive modifiers (e.g., 'warmest shades', 'radiant hues', 'festive and full of grace') that are somewhat subjective and could be more precise.",3.0,"Numbers appear (24th anniversary), but overall quantitative detail is limited and not tied to specific calculations or benchmarks beyond a milestone.",3.0,"Temporal references exist ('New Year collection', 'recently held'), but there are no exact dates or update triggers, creating moderate temporal ambiguity.",5,"Clear scope: it's about a New Year collection, a collaboration between brand and artists, with a link for more information; boundaries are well defined.",5,"Provides context on heritage, cross-cultural bridging, and the significance of wearable art within a broader narrative; the relevance is well explained.",5,Language is mostly unambiguous and specific; the messaging is coherent and not subject to multiple interpretations.,5,"Fully self-contained; the post conveys its main message without requiring external documents, though it provides a link for more details.",3,"Contains a single emoji (🧶); this reinforces engagement but is not excessive, so it sits at a mid level rather than zero.",145,3.0,3.0,4.2,5.0,3.0,3.727272727272727
4,4,4,Prada SpA,2026,2026-04-01T13:20:04.081Z,"Today, the Prada Group publishes its Sustainability Report 2025.
In line with the Group’s IMPACT sustainability strategy, significant progress was achieved across the three pillars of focus: Planet, People and Culture.
The Group continues to focus on initiatives that generate long-term value for its industry and for society as a whole.

To read the full report, visit: https://lnkd.in/d6aN3wbp",https://www.linkedin.com/posts/pradagroup_pradagroupimpact-activity-7445097654595780608-rQUN?utm_source=social_share_send&utm_medium=member_desktop_web&rcm=ACoAAD484ZYB2sV3_pmVtuTs5T4aCRwQuDMd52w,4,12.696551724137931,5,"The post contains no redundant statements. Each sentence adds new information (publication of the report, alignment with the IMPACT strategy, and progress across the pillars). No data is repeated unnecessarily.",3,"There is some repetition of core corporate terminology (Group, sustainability, progress, pillars), but the text remains concise with adequate lexical variety for its length. Not highly repetitive, but not unusually diverse either.",3,Claims like “significant progress” are made without specific evidence or details. The post lacks concrete metrics or examples to substantiate the claim.,3.0,"There is an implicit causal link between following the IMPACT strategy and achieving progress, but it is not substantiated with data or a clear chain of reasoning. The causation is plausible yet not verifiable from the text alone.",3,"Modifiers such as “significant” appear but are not extreme; they add some subjectivity. No excessive puffery, but there is modest use of qualitative qualifiers.",3.0,"The post uses a numeric reference (“three pillars”) with clear context, but it lacks precise quantitative details or metrics. The number has meaning within the scope but isn’t tied to a formula or benchmark.",5.0,"Temporal markers are explicit: “Today” and the year “2025” anchor the post in a specific time frame, providing fixed temporal references.",5,"Scope is clearly defined: the message centers on Prada Group’s Sustainability Report and its three pillars (Planet, People, Culture), with no ambiguity about the domain or entities involved.",3,"Context is provided at a high level (value to industry and society), but the broader significance or weighting within a larger picture is not deeply explained. Some context is present, but not deeply situating the claim.",3,"Language is mostly clear; terms like “IMPACT sustainability strategy” are not overly vague, but the overall brevity leaves room for multiple interpretations of impact or significance. Mostly straightforward.",5,"The post is self-contained: it states the publication, aligns with strategy, notes progress, and directs readers to read the full report via a link. No reliance on external documents to be understood.",5,"No exclamation marks, emoticons, or emotionally manipulative elements are used. The tone remains factual and professional.",58,4.0,3.0,3.8,5.0,5.0,3.8333333333333335
5,5,5,Gildan Activewear Inc,2026,2026-02-11T12:49:04.428Z,"This winter, our Winston-Salem team organized two community events to support neighbors in need. We collected nearly 60 coats and winter accessories to help families and individuals stay warm during the coldest months of the year. 

Employees also wrote 200 Valentine’s Day cards for 165 residents at Oak Forest Health and Rehabilitation Center, spreading cheer just in time for the holiday, with some employees sharing stories about loved ones in long-term care. These are just some of the ways we strengthen connections and show up for the communities where we operate!",https://www.linkedin.com/posts/gildan_lifeatgildan-makingapparelbetter-activity-7427332849231499264--ZPG?utm_source=social_share_send&utm_medium=member_desktop_web&rcm=ACoAAFgUjgkBGSmiRXCkFw7DGB-O57R2S_JLFDk,4,15.693406593406593,5,"The post contains no redundant statements or restatements of the same information. Each sentence provides a distinct detail about the events (two community events, items collected, people served).",4,"Lexical variety is generally good with terms like 'community events,' 'neighbors in need,' 'strengthen connections,' and 'show up for the communities.' There is some repetition of 'communities' and related concepts, but it does not hinder readability.",3,"The post provides general details (counts of coats, cards, residents) but lacks specifics on how the events were organized, how items were distributed, or concrete steps for replication.",3.0,There is an implied causal link—events lead to stronger community connections—but it is general and not rigorously substantiated within the text.,5,"Modifiers are precise and not overly vague. Quantitative descriptors like 'nearly 60' and exact counts (200, 165) are used appropriately.",3.0,"Numbers are provided with context (counts of items and people). However, the precision is imperfect ('nearly 60'), and there is no explicit sourcing or baseline for the figures.",3.0,"Timeframe is given as 'this winter' and 'the coldest months,' which is broad and lacks exact dates or triggers for updates.",5,Scope is clearly defined as local to the Winston-Salem team and its operating communities; no ambiguity about the geographic or organizational scope.,5,"Context is provided for why the actions matter (strengthening community connections, showing up for neighbors), placing the activities within a meaningful larger purpose.",5,The language is clear and unambiguous; there is little room for misinterpretation regarding the actions and outcomes.,5,"The post is self-contained; it states what was done, for whom, and with what impact, without requiring external documents to be understood.",3,There is a single exclamation mark at the end to emphasize enthusiasm. This is occasional and keeps the tone professional rather than overtly emotional.,91,4.5,3.6666666666666665,4.2,5.0,3.0,4.083333333333333
6,6,6,Adidas AG,2025,2025-07-17T16:24:59.249Z,"Football pro Lamine Yamal supporting young players in China
 
Last week, Lamine visited Shanghai to join this year’s finals of the China High School Football League (CHFL):  
 
⚽ 🌇 He challenged the young aspiring athletes for a dynamic skill exercise set against the iconic Shanghai skyline – a moment they'll remember.  
 
🏆 During halftime of the final, Lamine gave a masterclass and went head-to-head with former Chinese national goalkeeper Wang Dalei in an epic penalty shootout.  
 
Open for the public for the first time this year, the CHFL finals attracted over 10k passionate fans to the stadium, cheering for the high school players. 🙌",https://www.linkedin.com/posts/adidas_adidasfootball-adidaschina-activity-7351648121778544641-BUqP?utm_source=social_share_send&utm_medium=member_desktop_web&rcm=ACoAAD2I9Z8B375LXs5HhGiec5aEp0Oo3zrqv98,3,18.45252525252525,5,"5 – Zero waste; every sentence provides new, unique information essential to the reader's understanding. The post introduces the event, participants, actions, and attendance without repeating data.",5,"5 – Excellent lexical diversity; varied terms and imagery (dynamic skill exercise, masterclass, penalty shootout, iconic skyline, fans) avoid repetitive phrasing.",3,"3 – General details are provided (what happened, who participated), but it lacks granular details on how activities were implemented or measured.",,N/A – The post does not contain explicit causal claims or a stated cause-effect relationship to evaluate.,3,"3 – Modifiers like 'iconic' and 'epic' are present but not overused; occasionally strong language is used, but the post remains largely professional.",3.0,3 – Numeric data is present ('over 10k fans') with units (fans) but is approximate; exact counts and sources are not provided.,5.0,"5 – Temporal markers are concrete, e.g., 'Last week' and references to 'this year’s finals' provide fixed time references.",5,5 – Scope is clearly defined: China High School Football League finals in Shanghai; specific event and participants are identified.,3,"3 – Some context is provided (pro athlete supporting youth, attendance), but the post could offer more depth on significance within the broader picture.",5,5 – Language is clear and unambiguous; the sequence of events and roles are easy to interpret.,5,"5 – Fully self-contained; the post provides all necessary context, definitions, and descriptions within the text.",3,"3 – Emojis are present to boost engagement; occasional reinforcing elements exist, but overall the post remains professional and information-focused.",104,5.0,3.0,4.2,5.0,3.0,4.090909090909091
7,7,7,Crocs Inc,2026,2026-01-28T15:00:09.283Z,"Today marks a new chapter in the Crocs story with the launch of a new brand anthem: Wonderfully Unordinary - Let Your Human Out. This is our first new global narrative in nearly 10 years, reflecting who we are becoming as a brand and how we are showing up for a new generation. 
  
The launch is led by a visually stunning new anthem, a first-ever global brand spot of its kind for Crocs, representing far more than a campaign. It’s unlocking the next chapter for the brand, rooted in authenticity, creativity, and at its core is about experiencing life in Crocs in ways that feel fresh, real, and deeply human.  
  
We hope that it makes you feel something, and if it does, we’d love to hear from you. Whether it’s a memory of your first pair of Crocs, or an experience wearing them when you felt authentically yourself.

https://lnkd.in/gzPRGzT6",https://www.linkedin.com/posts/crocsinc_today-marks-a-new-chapter-in-thecrocs-story-activity-7422292406706036738-bmBj?utm_source=social_share_send&utm_medium=member_desktop_web&rcm=ACoAAAXJE9wBuHcwMPg2KcmNt3igYhQO09izULc,7,13.920720720720722,4,"The post is generally concise and focused on the launch and its significance. There isn't obvious repetition of exact data across sentences; a few phrases touch on similar ideas (brand narrative, new chapter) but each sentence adds distinct context rather than restating the same point.",3,"There is some lexical repetition around terms like 'new', 'brand', and 'launch', which mildly disrupts flow. However, the text also uses varied language and concepts, so it remains moderately engaging rather than monotonous.",3,"Claims such as 'first-ever global brand spot of its kind' and 'unlocking the next chapter' are promotional and somewhat vague about specifics. The post lacks concrete details on implementation or evidence, leaving some 'how' questions.",3.0,"There is a implied causal sense (the launch unlocks the next chapter), but the link is broad and promotional rather than a rigorously defined causal chain. The relationship is present but not clearly demonstrated.",3,"The text uses subjective modifiers like 'visually stunning', 'authenticity', and 'deeply human'. These are imprecise and could be more concrete, though they align with marketing language.",3.0,"A numeric reference appears ('nearly 10 years'), which provides some context but is approximate and lacks precise quantification or units beyond 'years', making the data feel partially opaque.",3.0,"Temporal markers are used (nearly 10 years, first new global narrative in nearly 10 years), but dates or triggers for updates are not specified, resulting in a broad timeframe.",5,"Scope is clearly defined as a global Crocs brand narrative and anthem launch; boundaries are explicit, with a focus on the brand and its new direction.",5,"The post provides context by linking the campaign to authenticity, creativity, and relevance to a new generation, helping readers understand why it matters within the brand story.",5,"Language is largely unambiguous and promotional but straightforward. The statements convey a single intended meaning about the launch and its impact, with minimal room for misinterpretation.",5,"The post is largely self-contained, presenting the core message about the brand anthem and its purpose. An external link is provided for additional detail, but the main ideas stand on their own.",5,"No exclamation marks or emoticons are used; the tone remains professional and factual, with no emotional manipulation through symbols.",149,3.5,3.0,4.2,5.0,5.0,3.9166666666666665
8,8,8,Zhejiang Semir Garment Co Ltd,2025,2025-12-05T09:18:59.663Z,"✨ Introducing balabala's 5th store in Ho Chi Minh City! 👏 

On November 22nd, balabala officially unveiled its 5th store at Crescent Mall, Ho Chi Minh City, demonstrating its ongoing growth in Vietnam.

Our grand opening day witnessed boundless laughter and joyfullness. The festive atmosphere, the bright smiles of the little ones, and the warm support from parents made the event incredibly special.

From the very first customers lining up to receive gifts, the moments when kids enjoyed free ice creams, to the adorable check-in photos – everything came together to create a “mini festival” right in the heart of the shopping mall.

Huge thank you to those who visited and experienced our Crescent Mall balabala store. We are truly honored to be this unique ""Childhood Companion"" along with hundreds of millions of families.

📧 Feel free to DM us or drop a comment for further information regarding partnership opportunities.

📞 Partnership & Franchise Contact in Vietnam: 0939 723 892 (Mr. Phúc)

#balabala
#SemirGroupInternational;",https://www.linkedin.com/posts/semir-international_balabala-semirgroupinternational-grandopening-activity-7402637606154592256-IoU0?utm_source=social_share_send&utm_medium=member_desktop_web&rcm=ACoAAD83cM8BveTBQe8d728MIe5rgAE_6phyUq0,9,13.155443037974685,3,"A-01 Redundancy: The post repeats the fact that this is balabala's 5th store (in both the opening line and the follow-up sentence). This represents some redundancy without adding new, essential information beyond confirming growth.",3,"A-02 Repetition: There is noticeable repetition of key terms like 'store' and 'balabala' across sentences, and several adjectives are used repeatedly. This keeps the tone fluent but can feel slightly repetitive.",3,"B-01 Ambiguity due to Lack of Detail: The post provides basic event details (date, location) and a call to partnership, but it lacks granular implementation steps, terms, or metrics for partnerships.",3.0,"B-02 Ambiguity in Causation: There is an implied link between opening the 5th store and ongoing growth, but there is no explicit, verifiable causal chain or data to substantiate the claim.",3,"B-03 Ambiguity in Modifiers: The post uses subjective qualifiers (e.g., 'boundless laughter,' 'incredibly special,' 'mini festival'), which are impressionistic rather than objective descriptors.",3.0,"C-01 Quantitative Ambiguity: Numbers present include '5th store' and a specific date, plus a rough magnitude ('hundreds of millions of families'), but there is no precise quantitative context or benchmarking tied to these figures.",3.0,"C-02 Temporal Ambiguity: A specific date ('November 22nd') is mentioned, but the year is omitted, creating some uncertainty about the exact timeframe.",5,"C-04 Scope Ambiguity: The scope is clearly defined as balabala's 5th store in Ho Chi Minh City at Crescent Mall, with a targeted audience (partnerships) and a defined geography.",3,"C-05 Contextual Ambiguity: Some context is provided (growth, store opening, partnership opportunities), but the overall strategic significance and hierarchy of metrics are not deeply elaborated.",5,C-06 Interpretative Ambiguity: The language is largely unambiguous and mostly conveys a straightforward promotional update with a clear message.,5,"D-01 Context Dependency: The post is self-contained; it includes specific details, a clear narrative, and contact points for partnerships, requiring no external documents to be understood.",3,"L-01 Symbolic Exaggeration: The post uses emojis and enthusiastic phrasing to boost engagement, but it does not rely on excessive emotional manipulation; the emphasis remains professional.",164,3.0,3.0,3.8,5.0,3.0,3.5
9,9,9,Gabriel Holding A/S,2026,2026-02-26T13:34:35.357Z,"The lavender drift moves between calm and character, a soft pastel violet that brings lightness, depth and quiet confidence to any surface.

Subtle yet distinctive, it balances cool clarity with a gentle warmth, making it effortless to combine across textures and tones. 

Discover how soft tones can shape strong expressions.",https://www.linkedin.com/posts/gabriel_the-lavender-drift-moves-between-calm-and-activity-7432780121561878529-Vxlo?utm_source=social_share_send&utm_medium=member_desktop_web&rcm=ACoAAEsntggBsZ3j--2X3xlvXMIZKK2Ymt0pMxg,3,13.06666666666667,5,No redundancy detected; each sentence adds new information about the lavender drift and its aesthetic/functional implications. Every clause contributes uniquely to the overall message.,3,"Some repetition of the word 'soft' and related descriptors occurs, which mildly affects flow. Lexical variety remains acceptable, but could benefit from more synonyms to enhance engagement.",3,"Provides general details about color mood and usage but lacks concrete specifics on implementation, methods, or parameters. Readers may wonder how to apply it in practice.",3.0,There are imply-causal claims (color leads to certain mood/expression) but they are not strongly evidenced or rigorously linked. The causal links are present but not robustly substantiated.,3,"Modifiers are present (e.g., 'soft', 'gentle'), but they are somewhat subjective and not tightly defined. Frequency is moderate and generally acceptable.",,"No numeric quantities or measurements are provided, so this criterion cannot be assessed.",,No explicit time references or temporal markers are present to evaluate.,5,"Scope is clearly defined as applicable to 'any surface' and across textures and tones, establishing a well-defined boundary of application.",3,"Context is present (soft tones shape expressions), but its weight in the broader design or business impact isn't fully elaborated, leaving some ambiguity about significance.",3,"Language is mostly clear, but certain terms could be interpreted differently by non-experts. No strong multi-interpretation, but minor ambiguity remains.",5,The post is self-contained; it conveys the concept and its applicability without requiring external references or documents.,5,"No exclamation marks or emoticons are used; the tone remains factual and professional, with no emotional manipulation.",50,4.0,3.0,3.6666666666666665,5.0,5.0,3.8
10,10,10,Xinfengming Group Co Ltd,2026,2026-05-05T07:10:13.322Z,"Celebrating 9 years of growth and resilience at XinFengMing Group.
On April 18, 2026, our team came together for the “Together for Nine, Striding Forward” endurance walk—led by Chairman Zhuang Yaozhong and Chairman Zhuang Kuilong. With 10 teams and 100 colleagues across departments and bases, every step reflected our shared commitment, teamwork, and determination.
Nine years mark not just a milestone, but a new starting point. Rooted in strength, reaching higher, and advancing sustainably, we move forward with unity and purpose—toward building a stronger future for the chemical fiber industry.",https://www.linkedin.com/posts/xinfengming_celebrating-9-years-of-growth-and-resilience-activity-7457325767237181440-v486?utm_source=social_share_send&utm_medium=member_desktop_web&rcm=ACoAAD1GJl0Bd2OMgzMnzzUGKpde7w8Qc2Fer4s,5,13.422222222222224,3,"The post repeats the milestone and related themes (9 years, 'Together for Nine...' etc.) in multiple sentences, causing some redundant emphasis but not extreme duplication.",3,"There is noticeable repetition of key terms like 'nine/9' and 'team' across sentences, which slightly disrupts flow.",5,"Specific details are provided: date, event name, leaders, 10 teams, 100 colleagues; clear actions and parameters.",3.0,"Causal claims are present but weak (e.g., the walk reflects commitment); lacks explicit, verifiable cause-effect chain.",3,"Modifiers are present but often non-specific (e.g., 'shared commitment', 'new starting point'); some puffery but not extreme.",5.0,"Quantities are provided with units (years, date, counts) and are clearly tied to concrete measures.",5.0,"Temporal markers are specific (April 18, 2026) and there is a defined timeframe.",5,"Scope is clearly defined: company-wide across departments and bases, with industry focus.",5,"Context and significance are provided, linking the milestone to unity, purpose, and industry impact.",5,Language is precise and unambiguous; terms convey a single interpretation.,5,"The post is self-contained: it includes the event, participants, and purpose without needing external references.",5,"No emotive punctuation or symbols (e.g., exclamations, emojis) are used; the tone remains factual.",90,3.0,3.6666666666666665,5.0,5.0,5.0,4.333333333333333
11,11,11,Coats Group PLC,2026,2026-04-24T13:27:46.754Z,"Day 3 at Texprocess 2026, and the momentum kept building ⚡

On the main stage, Coats Digital's Managing Director, Himanshu Mehrotra, led the session “GSDQuest - Garment Costing in seconds with AI,” exploring how AI is transforming garment costing, with thoughtful discussion from an audience interested in smarter, faster decision-making.

Coats Digital is helping drive this shift through advanced solutions that bring greater accuracy, speed and insight to manufacturers and brands.

Visit us at our booth to see how we’re supporting the industry’s digital evolution.

📍 Hall 8.0 | Stand F76 | Messe Frankfurt
📅 21–24 April

Let’s shape the future of fashion together.",https://www.linkedin.com/posts/coats_texprocess2026-digitaltransformation-smartmanufacturing-activity-7453434516095922176-n4Nk?utm_source=social_share_send&utm_medium=member_desktop_web&rcm=ACoAADXjFvUB0xG1Iocpo4MBioztPrr0FlCb9pg,5,17.555102040816326,5,"No apparent redundancy; each sentence adds distinct information (event day, session details, company role, call to action, venue and dates). The post moves logically without repeating the same data.",5,"Very limited lexical repetition; uses varied phrasing (momentum, transforming, advanced solutions, industry evolution, engaging call to visit). Strong lexical diversity and flow.",3,"Provides general details (session topic, players, purpose) but lacks granular specifics on implementation, methods, or how AI achieves the described outcomes.",3.0,Contains a causal claim (AI transforming garment costing) without a clear causal chain or evidence. The link is plausible but not explicitly proven in the text.,3,"Uses some modifiers (advanced, greater, smarter, faster) but they are common marketing terms without precise, objective quantification; not excessively puffed.",5.0,"Numeric markers are present and precise (Texprocess 2026, dates 21–24 April, Hall 8.0, Stand F76), giving clear temporal and locational context with meaningful units.",5.0,"Fixed temporal markers are provided (21–24 April, 2026) with explicit event window, leaving little ambiguity about timing.",5,"Scope is clearly defined: it centers on Texprocess 2026, Coats Digital’s session, and booth details; boundaries are explicit.",3,"Provides context about industry digital evolution and the session purpose, but deeper macro context or relevance to the reader’s broader goals is not extensively developed.",5,Language is mostly unambiguous and straightforward; statements about AI and garment costing are presented clearly with minimal room for misinterpretation.,5,"Post is self-contained: includes event, topic, company role, venue, dates, and call to action without requiring external references to be understood.",3,"Inclusion of emoji and symbols (⚡, 📍, 📅) adds engagement but does not overwhelm; not excessive, and the tone remains professional.",104,5.0,3.0,4.6,5.0,3.0,4.166666666666667
12,12,12,Adidas AG,2025,2025-11-11T09:27:35.413Z,"‘Café 3 Stripes’: New community hub in Seoul ☕💬 

We opened a café right in the heart of Seongu’s trendiest streets for our 3-Stripes community to connect, engage, and be inspired in a space that seamlessly blends sport, fashion, and café culture.  

Celebrating the grand opening in style, we made waves with a bold fashion show – exclusive insights in the gallery below. 📸👇  
Shout-out to Jay Park, Hong-chul Noh, Euddeum Sim, and Ja-cheol Gu for joining us for this special moment!  

💪🍿🎵 We’ll be offering morning raves, mini sports classes, a cinema club, and live music for our local community.  

📆 Open only until January 18th, 2026 – stop by when in Seoul!  

📍 Café 3 Stripes Seoul, 1F, 9 Seongsui-ro 7ga-gil, Seongdong-gu, Seoul",https://www.linkedin.com/posts/adidas_caf%C3%A9-3-stripes-new-community-hub-in-seoul-activity-7393942460592410624-jEdK?utm_source=social_share_send&utm_medium=member_desktop_web&rcm=ACoAAD2I9Z8B375LXs5HhGiec5aEp0Oo3zrqv98,5,12.273446327683615,5,"The post communicates purpose (a new community hub), location (Seoul), and activities (opening event, fashion show, later offerings) without repeating the same data across sentences. Each sentence adds new, relevant detail.",3,"There is some lexical repetition (café, community, opening) and promotional phrasing, but overall the language remains varied enough to avoid monotony.",3,"The post provides general details (location, events) but does not offer deep, concrete implementation specifics (e.g., how activities will be run, schedules, participation limits), leaving some practical questions unanswered.",3.0,"There is an implied causal link (opening a café aims to connect and inspire the community) but the causal chain is not substantiated with evidence or a clear rationale, so the link is weak and assumption-dependent.",3,"Modifiers like 'trendiest,' 'bold' and 'exclusive' are present but not excessive; they introduce some puffery without making the tone unreadable.",3.0,"Numbers appear in the address (1F, 9, 7ga-gil) and the date; these have clear context, but there are no quantitative metrics, calculations, or benchmarks presented.",5.0,"There is a fixed temporal marker: 'Open only until January 18th, 2026,' defining a specific deadline.",5,"The scope is clearly limited to Café 3 Stripes Seoul and its immediate locale (Seongdong-gu, Seoul); there are no ambiguous inclusions beyond the stated location.",3,"Context is provided (community hub, café blending sport/fashion), but the post lacks deeper hierarchical context about why these elements matter within a broader strategy.",5,"Language is mostly precise and unambiguous; descriptions are concrete (café, fashion show, events) with minimal room for misinterpretation.",3,"The post largely stands alone but references external content (gallery below) and specific shout-outs; while the core message is understandable by itself, full understanding benefits from seeing the linked gallery.",3,"Emojis are used to convey tone and engagement (☕💬 📸👇 💪🍿🎵), which is common in social posts. They reinforce but do not overwhelm the message.",125,4.0,3.0,4.2,3.0,3.0,3.6666666666666665
13,13,13,Lakeland Industries Inc,2025,2025-09-15T18:58:04.197Z,"We’re proud to share that Lakeland Fire + Safety has been selected to provide advanced decontamination and protective gear care for the Hong Kong Fire Services Department—one of the largest emergency response organizations in Asia.
 
This partnership reflects who we are, a global manufacturer committed to protecting your people. For more than 20 years, our teams in Australia and Hong Kong have supported firefighters with innovative gear and care programs that extend the life of their gear and, most importantly, safeguard their health. Today, we’re honored to expand that support to more than 14,500 firefighters through comprehensive maintenance and decontamination services.
 
This milestone strengthens our global role in fire safety and renews our promise to protect those who protect us all.
 
Read full press release here: https://ow.ly/1rZI50WX8v5",https://www.linkedin.com/posts/lakeland-fire-and-safety_were-proud-to-share-that-lakeland-fire-activity-7373429918178746368-_dYQ?utm_source=social_share_send&utm_medium=member_desktop_web&rcm=ACoAAC068VkBV9XY3vJkG9xYvL4BarqCBKeMpgc,6,15.384126984126985,5,"The post delivers new, non-redundant information in each sentence: announcing the partnership, the company profile, historical support, scale of impact, and the milestone. There is no unnecessary repetition of data or重复 phrases that add no value.",3,"There is some repetition of key terms such as protect and gear care, which mildly impacts flow. The post maintains overall clarity, but lexical variety could be further improved.",3,"The post provides general details (partnership, years of experience, number of firefighters served) but does not spell out exact implementation specifics or actionable steps, leaving questions about how the services are delivered.",3.0,"A plausible causal link is implied: being selected leads to expanded support to 14,500 firefighters through maintenance and decontamination. It is not deeply argued, but the cause-effect path is identifiable.",5,"Modifiers are generally precise and objective. Descriptors like advanced, comprehensive, and global are used in a way that remains professional and not overly puffed.",3.0,"Numbers are provided with context (years of experience, firefighter count) but the post does not cite sources or exact benchmarks, so the quantitative details are not fully verifiable.",3.0,"Temporal references exist (more than 20 years, today) but there are no fixed dates or explicit update triggers, so the timeframe is somewhat broad.",5,"Scope is clearly delineated around the Hong Kong Fire Services Department and Lakeland’s services, with explicit mention of the target group and the activity area; boundaries are well defined.",3,"Context is provided and relevant, tying the announcement to broader fire safety impact, but the post could more explicitly articulate the weight of this milestone within a larger strategic narrative.",5,Language is mostly unambiguous and technical enough to convey meaning clearly; there are few to no terms that could be interpreted in multiple ways.,5,"The post is largely self-contained, providing the key details needed to understand the announcement without requiring external documents (aside from the linked press release).",5,No emotive punctuation or exclamation marks are used; the tone remains factual and professional without unnecessary emotional manipulation.,127,4.0,3.6666666666666665,3.8,5.0,5.0,4.0
14,14,14,Nilorngruppen AB,2025,2025-10-28T15:43:23.478Z,"Introducing Hügel ⛷️  – the final concept of this year’s Autumn collection.
Inspired by European alpine heritage, Hügel combines nostalgic outdoor charm with a commitment to responsible sourcing. Circular shapes, vibrant colour contrasts, and tactile finishes bring a sense of playful nostalgia, while the use of certified and bluesign® APPROVED materials reflects the deeper commitment.",https://www.linkedin.com/posts/nilorn_trims-labels-morefitforthefuture-activity-7388963603913199616-zKqg?utm_source=social_share_send&utm_medium=member_desktop_web&rcm=ACoAAD1w7CABySVhztImliJXhj_Jyq5CxF4esqw,3,17.632704402515724,5,"5 means zero waste; every sentence provides new, unique information. The post is concise and each sentence adds a distinct element (concept introduction, inspiration, design cues, and materials/sustainability). There is no obvious repetition of data or redundancy.",3,"3 corresponds to noticeable repetition of key terms where flow is disrupted but meaning remains clear. The term commitment appears multiple times (e.g., 'commitment to responsible sourcing' and 'deeper commitment'), and 'collection' appears as a recurring theme. Overall lexical variety remains, but there is some repetition.",3,"3 indicates general details provided but leaves 'how' or 'what' questions about implementation. The post describes concepts and commitments but does not give specifics on methods, processes, or metrics behind 'responsible sourcing' or the design choices.",3.0,"3 reflects causal links that are present but weak or require assumptions. The text loosely links material choices to a 'deeper commitment,' suggesting causation but without a rigorous, verifiable causal chain.",3,"3 corresponds to occasional imprecision in modifiers. Words like 'nostalgic,' 'playful,' and 'deep(er) commitment' introduce subjective nuance but do not wildly distort meaning.",,"No numbers or quantitative data are present in the post, so this criterion is not applicable.",3.0,"3 indicates temporal ambiguity. The reference to 'this year’s Autumn collection' provides a time frame, but it is not a precise date or fixed schedule, leaving some ambiguity about the exact timing.",5,"5 means clearly demarcated boundaries. The scope is clearly defined as Hügel within this year’s Autumn collection, with no ambiguity about what is being described or claimed.",3,"3 corresponds to contextual ambiguity. The post provides some context (inspiration, sustainability), but its weight within the larger business or fashion strategy isn’t explicitly stated.",5,"5 denotes single-meaning prose. The language is straightforward and technical in places (e.g., bluesign® APPROVED), with minimal room for misinterpretation.",5,"5 means fully self-contained. The post contains all essential context, rationale, and description needed to understand the concept without requiring external references.",3,3 corresponds to occasional reinforcing elements. The emoji ⛷️ adds a light visual cue but does not overly manipulate emotion; it keeps the tone professional while providing mild engagement.,55,4.0,3.0,4.0,5.0,3.0,3.727272727272727
15,15,15,Hugo Boss AG,2025,2025-09-26T09:00:15.763Z,"Step into the BOSS Paradox, where bold contrasts redefine the rules of fashion.  

BOSS unveiled a bold Spring/Summer 26 collection at Milan Fashion Week yesterday, celebrating the harmony of opposites with versatile looks that redefine creativity and individuality.  

The runway cast featured Anok Yai, Ashley Graham, model and recent BOSS campaign star Amelia Grey, with BOSS brand ambassador and globally acclaimed K-pop superstar S.COUPS closing the show. VIP guests including brand ambassadors David Beckham, Aaron Pierre, Ishaan Khatter, and Khaby Lame brought star power to the front row. 

The show took place in the historic Fonderia Macchi, an industrial space transformed into a breathtaking stage of raw textures and the fluid elegance of contemporary art, centered around a stunning installation by Dutch artist Boris Acket. 

Learn more about the Spring/Summer 26 collection: on.hugoboss.com/SU26",https://www.linkedin.com/posts/hugo-boss_beyourownboss-activity-7377265741584154626-43Jy?utm_source=social_share_send&utm_medium=member_desktop_web&rcm=ACoAADwKdxQBULMj_xLnkYanIIS_uO8YRpRybDA,8,15.419548872180451,5,"The post avoids repeating the same information. Each sentence adds new, relevant detail (collection, event, locations, cast, VIPs, setup). There is a cohesive flow with distinct data in each line rather than restating the same point.",3,"There is some lexical repetition (notably the word 'bold' used multiple times to describe contrasts and the collection), which mildly impacts flow. However, the overall wording remains varied enough to maintain engagement.",3,"Claims are promotional and somewhat vague about specifics (e.g., 'harmony of opposites' and 'versatile looks' without concrete examples or implementation details). reader is left with general impressions rather than concrete actions or methods.",,There are no explicit cause-and-effect statements or logical causal chains described in the post. It merely states events and features of the collection rather than arguing why outcomes occur.,3,"Modifiers are present (e.g., 'bold', 'stunning', 'historic'), but they are subjective and somewhat vague. They could be interpreted differently by readers, rather than being precise, objective descriptors.",3.0,"The post includes a numeric element ('Spring/Summer 26'), which provides some context but lacks precise quantitative meaning or units attached to a benchmark. The number itself is a label rather than a measured metric.",3.0,"Temporal references exist ('yesterday', 'Spring/Summer 26'), but they are not fixed calendar markers. 'Yesterday' is relative, and the year label is implicit, creating some temporal ambiguity.",5,"Scope is clearly defined: the post discusses a single brand’s collection, its show, and location, with specific people involved. There are clear boundaries around the event and subject.",3,"Context is present (fashion show context, branding angle, notable attendees), but the broader significance within a larger context (industry impact, metrics, or outcomes) is not deeply elaborated. The weight in the big picture is not explicit.",3,"Some language could be interpreted differently (e.g., 'redefine creativity and individuality'), but the core message remains fairly clear. A few terms could be misinterpreted by non-experts.",5,"The post stands alone with the essential details about the show, collection, venue, and attendees. It also provides a link for further information, but all core logic and specifics are self-contained.",5,"No exclamation marks or emoticons are used. The tone remains professional and factual, without emotional manipulation.",133,4.0,3.0,3.4,5.0,5.0,3.727272727272727
16,16,16,Magnera Corp,2026,2026-03-26T13:30:18.146Z,"Mark your calendars! INDEX Nonwovens™26 is just around the corner 📅 

Join us at Stand #2127 to explore our broad portfolio of material solutions engineered for performance, reliability, and new potential across the nonwovens industry. 

We’ll also be showcasing our latest advancement, Next‑Gen Liquid Barrier Technology, an INDEX™ Award–nominated innovation designed to deliver high levels of protection, comfort, and compliance while opening new possibilities for our customers.

This is our biggest industry event of the year, and we’re excited to connect, collaborate, and help shape the future of nonwoven materials.

Want to meet with us at INDEX™26?
Contact: info@magnera.com or visit: https://lnkd.in/enF_Hwj3",https://www.linkedin.com/posts/magneracorporation_mark-your-calendars-index-nonwovens26-is-activity-7442925902977581056-FdYP?utm_source=social_share_send&utm_medium=member_desktop_web&rcm=ACoAAFxp7sYBfVjWhnJhDnuArU5YimZaRl1k-2w,7,18.21848184818482,5,"The post is concise and each sentence adds new information: event timing, location, portfolio highlights, the Next‑Gen Liquid Barrier Technology, and a clear call to action. There is no redundant repetition of the same data.",4,"There is some repetition of brand terms like 'INDEX' and 'Nonwovens', but overall the text maintains lexical variety with different phrasing and focal nouns. A bit more varied vocabulary could push this to 5.",3,"Claims are high-level and marketing-oriented (e.g., broad portfolio, latest advancement) but lack granular details on implementation, specs, or evidence.",3.0,"The text implies causal effects (the technology delivers protection, comfort, compliance) but provides no verifiable causal chain or data to support these links; the causation is assumed rather than demonstrated.",3,"Uses imprecise modifiers (e.g., 'broad portfolio', 'high levels of protection', 'new potential') without concrete metrics. Occasional puffery reduces precision but is not extreme.",3.0,"Numeric elements exist (Stand #2127, INDEX Nonwovens 26) but they function as identifiers rather than measurements with units. Context is sufficient but not tied to specific formulas or benchmarks.",3.0,No fixed dates or explicit update triggers are provided; timing is described in vague terms like 'around the corner' and 'biggest event of the year.',5,"Bounds are clear: the post pertains to INDEX Nonwovens 26 and to the nonwovens industry, with explicit event context and location. Boundaries are well defined.",3,"The post provides contextual relevance for attendees (product focus, event participation), but its weight in the broader industry context is not deeply elaborated.",5,Language is mostly unambiguous and specific to the product and event; terms have clear marketing meaning without significant room for misinterpretation.,5,"The post is largely self-contained: it states what to expect, where to go, how to contact, and where to find more information, without requiring external documents to understand the core message.",3,"There are exclamation marks and an emoji, adding some emphasis and engagement. The post remains professional, but the tone uses mild reinforcement rather than aggressive persuasion.",102,4.5,3.0,3.8,5.0,3.0,3.75
17,17,17,Magnera Corp,2026,2026-03-10T12:14:07.381Z,"This month, Magnera teams across the globe are recognizing the women who shape our culture, drive innovation, and strengthen our operations each day.
 
At Charlotte Headquarters, we celebrated with a morning of connection, sharing breakfast and participating in a bouquet‑making activity that reflected the strength, creativity, and individuality our women bring to every part of the business.
 
Today and every day, we appreciate the contributions and the impact Magnera women make across the entire company. Catch a glimpse of the celebration in our morning recap video below 💜 📷",https://www.linkedin.com/posts/magneracorporation_internationalwomensday-womenatmagnera-oursuccessisconnected-activity-7437108525950128128-zRNh?utm_source=social_share_send&utm_medium=member_desktop_web&rcm=ACoAAFxp7sYBfVjWhnJhDnuArU5YimZaRl1k-2w,3,17.435632183908048,3,"The post shows appreciation across multiple geographies and mentions an organized activity, but the central message (celebrating women) is reiterated in slightly different ways rather than adding distinct new information in each sentence; thus some filler but not extreme redundancy.",3,"There is recurring focus on women and celebration, with some reused terms like 'women' and 'Magnera' across sentences. The vocabulary is not highly varied, but the phrasing remains readable.",3,"Provides concrete details of activities (breakfast, bouquet-making, location) rather than vague claims. It’s sufficiently descriptive without becoming a procedural or data-heavy explanation.",3.0,The post implies positive outcomes of recognition but does not present a clear causal chain or testable cause-effect relationship. The ties between recognizing employees and outcomes are implied rather than proven.,5,"Modifiers are used precisely and informatively (e.g., ‘strength, creativity, and individuality’). The language avoids numbers or superlatives that would reduce precision.",,"No quantitative data, numbers, or statistics are present, so this criterion is not applicable.",3.0,Time references like 'This month' and 'Today and every day' are present but not fixed dates or triggers; thus temporal markers are broad rather than precise.,5,"Scope is clearly defined: it references Magnera teams across the globe and the Charlotte Headquarters, indicating boundaries of the claim.",5,"Context is well-developed; the post situates the celebration within the company culture and impact, giving the reader an understanding of relevance.",5,"The language is straightforward and unambiguous, with specific nouns and actions that leave little room for multiple interpretations.",5,The text stands alone with clear actions and context; it does not rely on external documents to convey its main message.,3,"Emojis are used (💜 📷) to reinforce tone, which is common in social posts. They provide some emotional cue without being excessive.",89,3.0,3.6666666666666665,4.5,5.0,3.0,3.909090909090909
18,18,18,Salvatore Ferragamo SpA,2025,2025-07-22T12:19:37.701Z,"A #FerragamoMoment with Jong-Suk Lee at the Seoul Flagship renewal opening — celebrating Ferragamo’s heritage reimagined in a modern space. Featuring the full-category collection, the renewed Flagship brings the brand’s timeless values to life. #FerragamoFW25 look by Maximilian Davis.",https://www.linkedin.com/posts/salvatore-ferragamo_ferragamomoment-ferragamofw25-activity-7353398314458873858-Pseb?utm_source=social_share_send&utm_medium=member_desktop_web&rcm=ACoAAEgJJw8BefmW2ngPsTOBI09zfDAq2oK3oSU,3,16.645614035087718,5,"Zero waste; every sentence contributes new information. The post describes the event, the renewal, the collection, and the involvement of designers without repeating the same data.",3,"Some repetition of key terms (e.g., Ferragamo, Flagship) occurs, which mildly disrupts lexical variety, but overall the prose remains readable and clear.",3,"Promotional statements are general (heritage reimagined, full-category collection) and do not provide concrete implementation details or evidence, leaving questions about how this is realized.",3.0,"There is an implicit causal link (renewal leads to bringing values to life) but it is not a robust, verifiable chain; readers must infer the cause-effect relationship.",3,"Use of modifiers like 'full-category', 'timeless' are somewhat imprecise; the language is mostly professional but contains subjective descriptors.",1.0,"The only numeric marker is FW25, which lacks explicit units or meaning within the post, rendering the numeric reference unclear.",3.0,FW25 acts as a seasonal marker but the post provides no exact dates or triggers; temporal framing is present but not explicit.,5,Scope is clearly defined around the Seoul flagship renewal event and the associated collection; boundaries are explicit.,5,"Context is well-established within the brand narrative (heritage, modernization, flagship experience) and linked to ongoing collection framing.",3,"Most language is straightforward, but promotional phrasing ('heritage reimagined', 'timeless values') can be interpreted in multiple ways by non-experts; not strictly single-meaning.",5,"Self-contained; the post provides event details, participants, and design attribution without requiring external references to be understood.",5,"No exclamation marks or emoticons; tone stays factual and professional, with emphasis on branding rather than emotional manipulation.",39,4.0,3.0,3.4,5.0,5.0,3.6666666666666665
19,19,19,Aquafil SpA,2025,2025-06-04T14:56:39.384Z,"Aquafil is excited to join the design community at the #ChicagoDesignWeek2025 shows, June 9-11! Visit us at NeoCon and Fulton Market Design Days to explore our activations featuring ECONYL® brand regenerated nylon:

✨ A NeoCon workshop with Pantone and Ultrafabrics on Monday, June 9 at The Mart
✨ An inspiring exhibit of Parsons School of Design - The New School textile student works using ECONYL® that visualizes global migration data from the United Nations IOM - UN Migration at the Design Days Beaudega
✨ Live weaving demonstrations by The Ruggist, Michael Christie in the Aquafil showroom (11-107) at NeoCon. 

Join us as we celebrate innovation and bold design: https://lnkd.in/dCG_M4NR",https://www.linkedin.com/posts/aquafil-spa_chicagodesignweek2025-neocon2025-designdays2025-activity-7336043214312804352-jvHo?utm_source=social_share_send&utm_medium=member_desktop_web&rcm=ACoAADiJs-oB2gBSCUa5sYiLsU7cQUIjgxMRpLE,3,19.63589743589744,5,"The post is concise and free of unnecessary repetition. Each sentence adds new information (events, partners, venues) without restating the same point.",3,"There is some lexical repetition (mentions of NeoCon, design events, city) but overall vocabulary remains mostly varied. Not highly repetitive, but not highly diverse either.",3,"Provides concrete details about dates, venues, and partners, but lacks deeper implementation specifics (participation steps, schedules beyond bullet points). The detail is generally adequate but not granular.",,"The post does not contain explicit causal claims (no 'A leads to B' type statements). Therefore, there is no causation attribution to assess.",3,"Uses some subjective modifiers (excited, inspiring, bold) but does so sparingly. Overall professional tone with occasional emphasis.",3.0,"There are numbers present (e.g., room label 11-107, event dates), but they are contextual (venue identifiers, dates) rather than quantitative data tied to formulas or benchmarks. Contextual but not precision-focused.",5.0,"Specific temporal markers are provided (June 9-11; Monday, June 9) with clear timing references for events.",5,"Scope is clearly defined: Aquafil’s activations across NeoCon, Fulton Market Design Days, and related events at specified venues.",3,"Provides context about partnerships and the purpose of the activations, but the larger significance or weight within the industry is not deeply elaborated.",5,Language is precise and there are no vague terms that invite multiple interpretations of the claims being made.,5,"The post is self-contained: it lists events, locations, partners, and a link to join, without requiring external documents to understand the core message.",3,"Emoji ✨ is used to add engagement, which introduces a mild emotional cue. The post remains professional, but the embellishment prevents a purely factual tone.",109,4.0,3.0,4.2,5.0,3.0,3.909090909090909
20,20,20,Christian Dior SE,2025,2025-09-12T16:00:19.141Z,"At #Dior, passion is at the heart of our creations.
The new Dior Magazine is here: Issue No. 51 invites readers into the world of the House’s latest designs, spotlighting the Dior Autumn-Winter 2025 collection through a series of striking visuals enhanced by the creative artistry of Dior Beauty. Vivid surrealism and a spirit of possibility course through the editorials, affirming the House’s boundless creativity on every page.

Photography by Daniel Archer, Chantal Elisabeth Ariëns, Elina Kechicheva, and Sarah Paintadosi.

Find more https://lnkd.in/eB5cwzQy",https://www.linkedin.com/posts/christian-dior-couture_dior-dreamindior-activity-7372298022094815235-4cfw?utm_source=social_share_send&utm_medium=member_desktop_web&rcm=ACoAADutyfIBNJBCHOdkrHWz4jsLK00pw1OjKrE,6,11.798393574297188,5,"The post is concise with no unnecessary repetition; each sentence adds a new factual point (Dior Magazine issue, AW 2025 collection focus, visuals, artistry, and credits).",5,"Lexical variety is strong: descriptors like 'striking visuals', 'Vivid surrealism', 'spirit of possibility', and 'boundless creativity' provide diverse language without repetitive phrasing.",5,"Details are concrete: Issue No. 51, Dior Autumn-Winter 2025 collection, and photographer credits are explicitly stated, leaving little ambiguity about the scope of what’s being described.",,There are no explicit causal claims or causation statements (no clear input-to-output causal chain) in the text; thus this criterion is not applicable.,3,"Moderate use of subjective modifiers such as 'striking', 'Vivid surrealism', and 'boundless' without precise definitions; occasionally imprecise but not excessive.",5.0,"Numbers present (Issue No. 51, Autumn-Winter 2025) are clear and tied to identifiable items; no ambiguity about their meaning.",5.0,Temporal marker is explicit: 'Autumn-Winter 2025' defines a fixed timeframe for the collection/edition.,5,Scope is clearly defined around Dior Magazine Issue 51 and the AW 2025 collection; boundaries are unambiguous.,3,"Provides some context about relevance (creative direction, editorials) but the broader significance within a larger strategy is not fully detailed.",3,"Language is mostly clear, but terms like 'Vivid surrealism' could be interpreted by non-experts; occasional ambiguity remains.",5,"The post is largely self-contained: it states the key facts, contributors, and a link for more information without requiring external documents to understand the core message.",5,No exclamation marks or emoticons are used; no emotional manipulation beyond standard marketing tone.,83,5.0,4.0,4.2,5.0,5.0,4.454545454545454
21,21,21,Suominen Oyj,2025,2025-10-22T09:30:33.972Z,"Suominen will publish its Q3 result on Wednesday, October 29, 2025. President & CEO Charles Héaulmé and CFO Janne Silonsaari will present the result in English in an audiocast and a conference call for analysts, investors, and media on the same day at 11:00 a.m. (EET). 
https://brnw.ch/21wWPys",https://www.linkedin.com/posts/suominen-corporation_publishing-of-suominens-interim-report-januaryseptember-activity-7386695452211093504-G3sK?utm_source=social_share_send&utm_medium=member_desktop_web&rcm=ACoAAChuQRMBdHkIwKp5VAh3LX4A3zkCuYtgrK0,5,15.286956521739132,3,There is minor redundancy: the post states the Q3 result will be published and then that the result will be presented on the same day. The repetition is not excessive but there is a small restatement of the same event.,3,"The post repeats the key concept of presenting the 'result' and mentions related actions (audiocast, conference call) with similar phrases, leading to moderate lexical repetition without severely hindering flow.",5,"The post provides granular details: exact date (Wednesday, October 29, 2025), time (11:00 a.m. EET), presenters, formats (audiocast and conference call), audience (analysts, investors, media), language (English), and even a link for access.",,"There are no explicit cause-and-effect claims in the post; it is a scheduling/announcement note, not an argument that links inputs to outcomes.",5,"Modifiers are precise and minimal. The post uses specific details like language, format, and audience without vague descriptors.",5.0,"Numbers present (2025 date, 11:00 a.m. time) are given with clear units and meaning (year, time, timezone), leaving no ambiguity about the quantitative data.",5.0,"Temporal references are precise: a fixed date and a specific time with timezone are stated, leaving no ambiguity about when the event occurs.",5,"The scope is clearly defined: it targets analysts, investors, and media, and specifies the formats (audiocast and conference call) and language.",3,"Context is present (upcoming Q3 results, how to access), but the post does not deeply situate why the information matters within a broader business context.",5,Language is clear and unambiguous; statements are straightforward with no vague or misleading qualifiers.,5,"The post stands alone: it provides all essential details (what, who, when, how) without requiring external references to be understood.",5,No exclamation marks or emoticons are used; the tone remains factual and professional.,47,3.0,5.0,4.6,5.0,5.0,4.454545454545454
22,22,22,Magnera Corp,2026,2026-05-05T16:41:07.906Z,"It's not too late to LAUNCH your career this summer 🚀

Applications for the 2026 Magnera LAUNCH Internship Program are still open! If you are ready to gain hands-on experience, solve challenges, and grow with purpose, now is the time to apply.

Apply today: https://lnkd.in/eKN4Twai

#MagneraLAUNCH #Internships

*At this time, we are accepting internship applications from candidates located in the United States",https://www.linkedin.com/posts/magneracorporation_magneralaunch-internships-activity-7457469441375686656-sJ0i?utm_source=social_share_send&utm_medium=member_desktop_web&rcm=ACoAAFxp7sYBfVjWhnJhDnuArU5YimZaRl1k-2w,3,14.624590163934426,3,"There is some filler and repetition of the core idea (career launch and applying) across sentences, but not an extreme or exact data repetition. The post could be streamlined slightly without losing meaning.",3,"Key terms like 'apply', 'LAUNCH', and 'internship' recur, which slightly affects flow. However, the vocabulary also includes some variation (hands-on, grow with purpose), so it’s not painfully repetitive.",3,"The post mentions benefits and actions but lacks granular details (how the internship works, duration, compensation, etc.). It provides general details but leaves questions about implementation.",3.0,The post implies causal effects (internship leads to experience and growth) but does not present verifiable causal links or evidence. The claims are promotional and not substantiated in text.,3,Modifiers like 'hands-on' and 'grow with purpose' are present but imprecise. Occasional vague modifiers are used without concrete definitions.,,No numeric data with units or meaningful quantitative context is provided.,3.0,"Time references include 'this summer' which is broad and imprecise. '2026' is a year, but there are no specific dates or update triggers defined.",5,"Scope is clearly bounded: the post specifies internships for candidates located in the United States, providing a concrete boundary.",3,"The post provides some context about benefits (hands-on experience, challenges, purpose), but it lacks a deeper framing within a larger strategic context or hierarchy.",5,The language is largely unambiguous; the message is straightforward with minimal room for misinterpretation.,3,The post conveys core ideas but relies on the external link for full details. It’s not entirely self-contained and would benefit from more in-post specifics.,3,"Rocket emoji is used to add emphasis, which is a mild symbolic element. It’s not excessive and keeps the tone professional.",62,3.0,3.0,4.0,3.0,3.0,3.363636363636364
23,23,23,Birkenstock Holding PLC,2025,2025-07-09T15:45:01.218Z,"BIRKENSTOCK opens combined office and showroom space in Cologne. 

As BIRKENSTOCK continues to grow, we also grow into new spaces that support collaboration, reflect our identity, and offer a premium experience for partners and customers. 

Yesterday our EMEA team has officially opened a new combined office and showroom in Cologne, just above our existing location in the Rheinauhafen district. The space is designed to meet the needs of a growing team while providing an environment that is both functional and true to our brand. 
Natural materials and a calm, clear aesthetic create an atmosphere that supports focus, connection, and creativity. 

It is a place where product, people, and purpose come together in a meaningful way. The new showroom and office space will be the central base for the DACH region, providing a shared environment for collaboration and brand presence in our biggest European market. 

If you happen to be in Cologne, come by and say hello – the coffee’s on us.",https://www.linkedin.com/posts/birkenstock-deutschland_birkenstock-opens-combined-office-and-showroom-activity-7348738960782712835-o8LF?utm_source=social_share_send&utm_medium=member_desktop_web&rcm=ACoAAB2fJisB56UEMFOKW-93gvW_UdpQs2L7xx0,8,13.75,3,"There is some repetition of the idea of a new combined office/showroom and of Cologne, but it is not excessive. The text could be tightened to reduce the repeated framing without losing meaning.",3,"Key terms like 'office/ showroom', 'space', and 'Cologne' recur, giving a modest monotony. Vocabulary shows some variety, but the repetition is noticeable rather than avoided.",3,"The post includes concrete details (location, purpose, design intent). However, it lacks deeper implementation specifics (budgets, timelines, team size), so it sits between general and granular.",3.0,"There are causal implications (growth leads to new spaces, space enables collaboration). The links are plausible but not supported with evidence within the text, leaving them somewhat assumed.",3,"Modifiers like 'premium experience' and 'central base' appear, but several descriptors are subjective or vague. Overall, modifiers are present but not precisely defined.",,"The post contains no numbers, units, or quantitative data to evaluate numerical precision or context.",3.0,"There is a temporal reference ('Yesterday'), providing a fixed point in time but no exact dates or update triggers. Time framing is present but not deeply specified.",5,Scope is clearly defined: the space serves as the central base for the DACH region and ties to brand presence in the European market. Boundaries are explicitly stated.,5,"Context is well developed: it links the space to growth, collaboration, brand identity, and strategic positioning in a major market, helping readers understand relevance and significance.",5,"The language is mostly precise and unambiguous; descriptors are concrete enough to limit misinterpretation and there is a single, clear intended meaning.",5,"The post is self-contained: it provides the what, where, why, and how (invite to visit) without requiring external references to be understood.",5,No emoticons or exclamation marks are used; the tone remains professional and factual without emotional manipulation.,161,3.0,3.0,4.5,5.0,5.0,3.909090909090909
24,24,24,Marimekko Oyj,2025,2025-05-13T08:23:15.677Z,"The Marimekko Marimini dress - this is where it began.
 
Marimekko Marimini springs from a rich history of dress shapes and prints that drum home Marimekko’s philosophy. Since 1951, we’ve championed a joyful way of life, designing clothes, homeware and accessories that help you look, move and feel your most positive. Decades later, the Marimini is still going strong—still iconic.
 
🌸 Read the full story of this enduring icon on Marimekko Journal: https://lnkd.in/d-R55Uvz
 
Images from the Arkkitehtuuri- ja designmuseo archives.",https://www.linkedin.com/posts/marimekko_marimekko-marimini-paradeofflowers-activity-7327971680146927617-_gAj?utm_source=social_share_send&utm_medium=member_desktop_web&rcm=ACoAAE4W700Ba2ZH3TT3WFNdtt_cuNQs1kG3prE,6,11.866666666666667,5,"The post is concise and focused; there is no evident sentence or paragraph that repeats the same data. Each line adds new context about the dress and its history, with no obvious waste.",3,"There is repetition of key terms like Marimekko and Marimini, which mildly affects flow. Vocabulary remains generally varied, but the subject name is reused frequently, leading to noticeable repetition without breaking readability.",3,"Claims about history and philosophy are broad and lack concrete details or evidence about implementation. The post provides general context but leaves questions about specifics (e.g., exact design influences).",3.0,"There isn’t an explicit causal chain (e.g., A causes B with a defined mechanism). The text asserts connections (history informs philosophy) but does not establish verifiable cause-effect links.",3,"Modifiers like 'rich,' 'joyful,' and 'enduring' are somewhat subjective. They provide tone but are not precisely defined, leading to moderate ambiguity.",,The post includes a year (1951) which is a temporal marker and should be considered under C_02. There are no other numeric values with units or scales to assess under C_01.,3.0,"There is a specific year (1951) and phrases like 'Decades later,' giving some temporal markers. The timing is informative but not tightly defined (no exact milestones or update cadence).",5,Scope is clearly delineated: the post discusses the Marimini dress and its relation to Marimekko’s philosophy and products. No unclear inclusions.,5,"Context is well supplied: it situates the dress in brand history, mentions a journal for the full story, and notes archival images, helping the reader understand relevance within the brand narrative.",5,"Language is mostly single-meaning and straightforward. There is minimal room for misinterpretation beyond standard marketing phrasing, which remains clear and direct.",3,"The post is largely self-contained but references an external journal for full context. Core ideas are present within the post, though deeper understanding relies on the link.",3,"An emoji is included to add a light, engaging touch. This is occasional reinforcement rather than heavy emotional manipulation, so a middle score is appropriate.",80,4.0,3.0,4.5,3.0,3.0,3.727272727272727
25,25,25,Asics Corp,2025,2025-06-23T13:15:02.526Z,"With all eyes on Osaka this year, we’ve transformed our main Osaka store into an immersive experience designed to move body and mind. 

DISCOVER. by ASICS assigns you a personalized activity program based on your lifestyle. Convert your body movement into sound. Enjoy full-body exercise guided by color. Immerse yourself in 360-degree projections to play games and make art with your body.

The experience lasts 15 mins 9 secs – the time it takes for movement to have an uplifting effect on the mind and body, according to our own research.

For a limited time until October, visitors to the ASICS GRAND FRONT OSAKA store can experience not just our products, but the entire worldview of our brand 🥏",https://www.linkedin.com/posts/asics_soundmindsoundbody-activity-7342903011683258368-7jPU?utm_source=social_share_send&utm_medium=member_desktop_web&rcm=ACoAAEXpFdUBS5-iZR-rF_tjQwSjFEwsLb9mgyQ,7,12.155799755799755,5,"The post avoids unnecessary repetition; each sentence introduces new, relevant details about the experience (transformation of the Osaka store, personalization, interactive elements, duration, and promotional window). There is no sentence that merely restates earlier points.",3,"There is noticeable repetition of the word 'experience' and related terms (immersive experience, experience lasts), which slightly disrupts flow. However, sentence structures vary and the meaning remains clear.",3,"The post provides some concrete details (duration, features like personalization and 360-degree projections) but lacks depth on implementation specifics (how the personalized program is generated, what data is used). This leaves some 'how' questions.",3.0,"A causal claim is implied (movement leads to an uplifting effect), but the link is not rigorously established or easily verifiable from the text alone. The statement relies on their own research without providing evidence.",3,"Moderate use of subjective modifiers (e.g., 'immersive', 'personalized') without precise definitions. This can affect objectivity but remains generally professional.",5.0,"Numbers are precise and include units: '15 mins 9 secs' clearly communicates duration with concrete meaning. While tied to their research, the data point itself is exact and contextualized.",3.0,"Temporal references include a fixed duration for the experience, but the phrase 'until October' lacks a specific year, creating some ambiguity about the exact timeframe.",5,Scope is clearly defined around the Osaka store activation and the promotional period; references to specific locations provide clear boundaries.,5,"Context is well established: the post explains what the experience is, why it exists (brand storytelling and engagement), and how it fits within the event setting and promotion.",5,"Language is largely unambiguous; terms describe concrete aspects of the experience (personalized programs, 360-degree projections, etc.) with a single interpretation in context.",5,"The post stands alone with enough detail to be understood without external documents (what is offered, where, duration, and how to experience it). No mandatory external references are required to grasp the message.",3,"An emoji appears (and there are no exclamation marks). This adds a light, engaging touch without overpowering the professional tone, placing it at a middle level of symbolic exaggeration.",119,4.0,3.0,4.6,5.0,3.0,4.0
26,26,26,Zhejiang Semir Garment Co Ltd,2026,2026-02-14T02:00:01.065Z,"💕 When Valentine’s sweetness meets Lunar New Year luck, let SHAMA fly you into a bright and joyful new chapter in its little red plane! ✈️ 

Want real festive vibes? Start with a touch of lucky red!

SEMIR’s new IP “SHAMA” makes its cheerful debut
with SEMIR’s ""HONG: Oriental Fortune Collection""

Wear prosperity and joy this season, and fill your moments with festive cheer.",https://www.linkedin.com/posts/semir-international_semir-reimagineeverydaywear-shama-activity-7428256672525074432-sI9y?utm_source=social_share_send&utm_medium=member_desktop_web&rcm=ACoAAD83cM8BveTBQe8d728MIe5rgAE_6phyUq0,4,8.780645161290323,3,"The post is generally concise with promotional language; there is some minor repetition of festive/positive themes (e.g., 'festive', 'cheer') but no exact data duplication. Overall, a few sentences could be streamlined to reduce filler.",3,"There is some lexical repetition (e.g., 'festive', 'red', 'cheer'), but also varied imagery and synonyms. The flow remains reasonably engaging without heavy monotony.",3,"Claims about SHAMA and the collection are promotional and lack concrete details (no specs, dates, or evidence). It provides general information but leaves many 'how/what' questions unanswered.",3.0,"There are implied causal notions (SHAMA leads to a brighter, joyful chapter) but this is metaphorical and not a rigid, verifiable causal chain. The link is weak and promotional rather than empirical.",3,"Modifiers are present (e.g., 'bright and joyful', 'festive'), but they are not extreme or vague to an unusable extent. Some precision could be improved, but it's serviceable.",,"No numbers, units, or quantities are presented in the post.",3.0,"Temporal cues exist (Valentine’s, Lunar New Year, 'season'), but they are broad and not precisely defined. This yields a moderate level of temporal ambiguity.",5,The scope is clearly centered on SEMIR's SHAMA IP and the HONG: Oriental Fortune Collection. Boundaries are explicit and not ambiguous.,3,"Some context about the festive season and branding is provided, but its weight in the overall message and relevance to broader goals isn’t deeply elaborated.",3,"Mostly clear promotional language with some figurative phrasing; there's potential for misinterpretation by some readers, but the intent is generally straightforward.",5,"The post is largely self-contained. It introduces the new IP, the collection, and the festive positioning without requiring external references to understand the gist.",3,"Emojis and upbeat language are present, signaling emotional framing, but the post does not overdo it. The tone is engaging without becoming excessively exaggerated.",64,3.0,3.0,3.5,5.0,3.0,3.363636363636364
27,27,27,Nilorngruppen AB,2025,2025-06-05T13:31:46.424Z,"We’re pleased to announce that Nilörn is returning to the Future Fabrics Expo for the second time, joining the 2025 edition in London on June 24-25!

The Future Fabrics Expo has become the leading platform for sourcing and knowledge-sharing in textile and material innovation. We look forward to being part of this collaborative platform that addresses industry challenges and drives positive change across the fashion and textile sectors.

Visit us at booth Q5C to explore our vision for the next generation of trims, labels, and packaging. Our Material and Innovation Specialist Christina Heines will be there to showcase how we integrate preferred materials into branding products tailored for textile and fashion brands.

Book your ticket here to join us in London: https://lnkd.in/dD4MpGq",https://www.linkedin.com/posts/nilorn_futurefabricsexpo-trims-labels-activity-7336384240755904513-MxLA?utm_source=social_share_send&utm_medium=member_desktop_web&rcm=ACoAAD1w7CABySVhztImliJXhj_Jyq5CxF4esqw,6,14.362841530054643,5,"No obvious redundancy; each sentence delivers new, relevant information: Nilörn's return, event dates/location, expo’s purpose, call to visit booth, and ticket/link details.",5,"Rich, varied vocabulary with minimal repetition; uses different terms to describe similar ideas (platform, expo, collaboration) and maintains reader engagement.",5,"Provides concrete details: 2025 London edition dates (June 24-25), booth Q5C, contact (Christina Heines), and ticket link; no missing implementation aspects.",3.0,"Makes a causal claim that joining a collaborative platform will address industry challenges and drive positive change; plausible but not substantiated within the post, so modestly speculative.",3,"Uses some imprecise modifiers (leading platform, collaborative, next generation) typical of marketing copy; not heavily vague but not strictly precise.",1.0,"Includes a numeric reference ('second time') without explicit unit or scale; aside from dates, there is little quantification, so this is a low-clarity numeric element.",5.0,"Contains fixed temporal markers with exact dates (June 24-25, 2025) and event timing—clear and unambiguous.",5,Scope is clearly defined around Nilörn's participation in the Future Fabrics Expo in London; no ambiguous broader scope.,5,Provides context and relevance: expo as a leading platform for sourcing/knowledge-sharing and its role in addressing industry issues and driving change.,5,Language is precise and mostly objective; marketing terms are common but not misleading or ambiguous.,5,"Self-contained post: includes event details, location, booth, contact, and ticket link without needing external references.",3,Exclamation mark appears (mild emotional emphasis) but the post remains professional; not excessive emotive emphasis.,122,5.0,3.6666666666666665,4.2,5.0,3.0,4.166666666666667
28,28,28,Prada SpA,2025,2025-11-21T13:15:12.704Z,"On National Tree Day, #PradaGroup and Forestami invite you to recognize the trees that make up the urban forest of the Metropolitan City of Milan. Scroll through the cards and learn how to identify five species you’ve probably already encountered in your daily life. Recognizing trees is the first step to taking care of them - this theme was explored in the latest edition of #ForestamiAcademy. 
Discover more here: https://lnkd.in/d4p-pssG",https://www.linkedin.com/posts/pradagroup_national-tree-day-2025prada-group-and-forestamipdf-activity-7397623622078636033-zo-m?utm_source=social_share_send&utm_medium=member_desktop_web&rcm=ACoAADQgDVgBzp5mkMMKB9kMuPVTpdBNoCdpw-o,4,12.117391304347828,5,"The post is concise and only includes distinct, non-redundant statements. Each sentence adds new information (event, participants, call to action, objective, and where to learn more) without repeating the same data.",3,"There is some repetition of key terms like 'trees' and 'identify,' but the wording varies across sentences. The lexical variety is modest, with occasional repeats that mildly affect flow.",3,"The post provides general details (identify five species, urban forest context) but leaves practical questions unanswered (which species, methods of identification, exact actions).",3.0,"A causal claim is present (recognizing trees leads to taking care of them), but it is stated generally and not substantiated with evidence, making the link broad but plausible.",3,"Contains a modest modifier ('probably') which introduces some imprecision. Other language is direct, but the qualifier tempers certainty.",5.0,A clear numeric target is given: identify five species. The number is precise and unambiguous in this context.,3.0,"Temporal references exist (National Tree Day, 'latest edition'), but they are not precise dates or schedules. The timing is indicated but not fixed.",5,Scope is clearly defined: it targets the urban forest of the Metropolitan City of Milan and a defined action (identify five species) within a specific program/context.,3,"Context is present (National Tree Day, collaboration, purpose), but the message could provide more weight within a bigger context to fully anchor its relevance.",5,Language is clear and unambiguous; terms are straightforward with little potential for misinterpretation.,3,"The post references an external link for further details (cards, five species, deeper content), so it is not fully self-contained.",5,No exclamation marks or emoticons are present; the tone remains factual and professional.,70,4.0,3.0,4.2,3.0,5.0,3.8333333333333335
29,29,29,Gildan Activewear Inc,2026,2026-03-03T13:00:27.161Z,"For the 14th year in a row, Gildan is included in the S&P Global Sustainability Yearbook as a Member in the Textiles, Apparel & Luxury Goods industry. We’re proud of this longstanding recognition that reflects our efforts to operate responsibly across our business.

Read more: https://lnkd.in/edi8Y52b",https://www.linkedin.com/posts/gildan_spgsustainable1yearbook-sustainableyearbook2026-activity-7434583470133182470-HHbt?utm_source=social_share_send&utm_medium=member_desktop_web&rcm=ACoAAFgUjgkBGSmiRXCkFw7DGB-O57R2S_JLFDk,3,14.0,5,The post contains two sentences with distinct information; there is no needless repetition of data across sentences.,5,"Vocabulary is varied and professional; no monotone repetition of key terms, and sentence structures are varied.",3,Claims are clear but lack granular detail on what the recognition entails or how it was evaluated.,3.0,Implied causal link between operating responsibly and being recognized exists but is not strongly substantiated or explicitly proven.,5,Modifiers are precise and restrained; no puffery or vague adjectives that distort meaning.,5.0,The post includes a precise numeric data point ('14th year in a row') tied to a meaningful temporal unit.,5.0,Temporal marker is concrete and unambiguous; it states a specific consecutive-year timeframe without needing dates.,5,Scope is clearly defined as a recognition within a specific industry; boundaries are explicit.,3,"Some context is provided (industry, recognition, and a link), but broader relevance within the company’s strategy could be clearer.",5,Language is direct and unambiguous; there is essentially a single intended interpretation.,3,"The post is not fully self-contained; it provides a link for more details, indicating some reliance on external information.",5,No emotive exaggeration or exclamation marks are used; tone remains factual and professional.,46,5.0,3.6666666666666665,4.6,3.0,5.0,4.333333333333333
