Identifier (RIC),Company Name,TRBC Industry Group Name,TRBC Industry Name,TRBC Activity Name,Region of Headquarters,Year,CAP,CAPln,BOARD,LEV,ESG Controversies Score,ESG Score,Emissions Score,Innovation Score,Environmental Pillar Score,Governance Pillar Score,Human Rights Score,Management Score,Product Responsibility Score,Resource Use Score,Shareholders Score,Social Pillar Score,Workforce Score,CSR Strategy Score,Community Score
002563.SZ,Zhejiang Semir Garment Co Ltd,Textiles & Apparel,Apparel & Accessories,Apparel & Accessories (NEC),Asia,2025,"1,777,831,602.91",21.3,0.3,0.2776393,100,47.87530445,36.34,28.8,45.53,62.74,4.81,53.65,36.39,68.83,93.98,38.35,87.5,61.29,18.6
002867.SZ,Chow Tai Seng Jewellery Co Ltd,Textiles & Apparel,Apparel & Accessories,Jewelry,Asia,2025,"1,609,703,471.60",21.2,0.4375,0.0941906,100,38.91688231,7.14,0,8.93,73.13,16.03,87.84,36.39,19.14,31.99,31.1,44.82,61.29,26.52
0116.HK,Chow Sang Sang Holdings International Ltd,Textiles & Apparel,Apparel & Accessories,Jewelry,Asia,2025,"896,580,931.81",20.61,0.5833,0.4808737,100,42.69878168,52.48,0,42.81,46.73,37.18,51.89,12.97,78.7,47.35,41.13,64.33,20,50.91
020000.KS,Handsome Corp,Textiles & Apparel,Apparel & Accessories,Apparel & Accessories (NEC),Asia,2025,"212,500,966.10",19.17,0.4444,0.0619919,100,42.49428566,92.24,28.8,47.5,32.45,20.83,33.75,48.1,34.26,32.25,46.11,83.84,26.23,25.3
0210.HK,Daphne International Holdings Ltd,Textiles & Apparel,Footwear,Footwear (NEC),Asia,2025,"87,671,662.83",18.29,0.4286,0.0091572,100,46.26846902,74.84,0,46.42,58.33,23.72,56.32,75.95,72.53,92.88,37.05,35.06,16.55,7.01
0330.HK,Esprit Holdings Ltd,Textiles & Apparel,Apparel & Accessories,Apparel & Accessories (NEC),Americas,2025,"35,616,910.76",17.39,0.5556,0.7062147,100,64.31056104,73.73,79.91,70.22,40.78,69.28,41.29,97.12,58.01,51.14,71.2,81.17,22.73,22.53
0551.HK,Yue Yuen Industrial (Holdings) Ltd,Textiles & Apparel,Footwear,Footwear (NEC),Asia,2025,"2,803,538,258.61",21.75,0.4,0.1981961,100,64.46953525,68.63,0,50.01,74.49,58.33,89.77,59.49,86.73,24.62,65.91,91.16,72.92,47.87
093050.KS,LF Corp,Textiles & Apparel,Apparel & Accessories,Apparel & Accessories (NEC),Asia,2025,"315,692,221.85",19.57,0.5,0.4680776,100,31.60618969,62.22,39.39,42.95,28.15,2.24,32.41,26.2,28.77,29.9,26.08,19.36,4.19,60.64
111770.KS,Youngone Corp,Textiles & Apparel,Apparel & Accessories,Sportswear & Outdoors Clothing,Asia,2025,"2,145,512,855.86",21.49,0.5833,0.1137181,100,51.53352463,79.19,28.8,49.99,22.4,47.76,19.25,68.67,50.31,7.75,67.27,97.87,60.11,49.09
1361.HK,361 Degrees International Ltd,Textiles & Apparel,Footwear,Sports & Outdoor Footwear,Asia,2025,"1,370,891,020.62",21.04,0.5,0.0269106,100,51.95322365,95.34,28.8,63.1,77.16,16.03,81.05,59.49,74.38,84.01,35.23,45.43,47.44,16.16
1368.HK,Xtep International Holdings Ltd,Textiles & Apparel,Footwear,Sports & Outdoor Footwear,Asia,2025,"1,630,196,464.76",21.21,0.4286,0.3471221,100,61.29891791,33.85,80,62.6,72.63,18.59,76.75,85.13,65.74,64.65,52.91,80.18,63.99,20.43
1434.TW,Formosa Taffeta Co Ltd,Textiles & Apparel,Textiles & Leather Goods,Textiles & Leather Goods (NEC),Asia,2025,"727,876,257.90",20.41,0.2727,0.3071526,100,68.30263327,76.71,80,76.15,43.11,86.54,23.68,85.13,71.91,96.27,79.24,72.87,60.53,69.21
1440.TW,Tainan Spinning Co Ltd,Textiles & Apparel,Textiles & Leather Goods,Yarn Goods,Asia,2025,"596,536,594.26",20.21,0.2,0.4232898,100,50.05643795,43.17,80,55.96,45.31,49.68,51.97,64.56,41.05,47.59,50.17,22.26,8.55,74.09
1476.TW,Eclat Textile Co Ltd,Textiles & Apparel,Apparel & Accessories,Apparel & Accessories (NEC),Asia,2025,"2,866,654,571.64",21.78,0.3158,0.064841,100,71.54506586,84.16,80,81.98,31.93,86.54,26.97,96.84,82.41,29.39,88.74,92.38,60.53,75.3
1477.TW,Makalot Industrial Co Ltd,Textiles & Apparel,Apparel & Accessories,Apparel & Accessories (NEC),Asia,2025,"1,933,975,058.09",21.38,0.3125,0.1016288,100,72.35535622,73.6,80,81.25,53.32,86.54,44.52,85.13,87.96,77.85,79.52,66.77,60.53,80.18
1910.HK,Samsonite Group SA,Textiles & Apparel,Apparel & Accessories,Apparel & Accessories (NEC),Europe,2025,"3,019,644,080.23",21.83,0.75,1.5035599,100,50.1999326,80.43,28.8,61.68,46.08,44.87,54.65,55.7,81.17,24.42,46.13,17.99,35.71,78.35
1913.HK,Prada SpA,Textiles & Apparel,Apparel & Accessories,Luxury Clothing,Europe,2025,"12,597,938,670.86",23.26,0.5,0.6384241,52.38095238,55.00946227,87.27,0,57.65,32.07,86.54,29.53,75.95,94.14,12.2,66.86,41.16,74.6,62.5
2020.HK,ANTA Sports Products Ltd,Textiles & Apparel,Apparel & Accessories,Sportswear & Outdoors Clothing,Asia,2025,"24,646,243,545.92",23.93,0.4,0.4213428,100,74.27144764,94.1,28.8,57.77,81.39,86.54,85.89,75.95,60.8,55.24,74.87,88.72,98.12,33.23
2313.HK,Shenzhou International Group Holdings Ltd,Textiles & Apparel,Apparel & Accessories,Knitwear,Asia,2025,"10,065,172,458.08",23.03,0.4545,0.3607133,100,45.13467982,51.24,28.8,45.36,32.44,37.18,34.01,72.15,57.72,17.2,53.47,81.4,47.44,10.06
2331.HK,Li Ning Co Ltd,Textiles & Apparel,Apparel & Accessories,Apparel & Accessories (NEC),Asia,2025,"5,279,826,756.77",22.39,0.5714,0.0740321,100,48.96096954,85.4,28.8,63.67,59.62,4.81,60.62,48.1,83.02,41.53,35.45,59.45,81.74,29.57
2915.TW,Ruentex Industries Ltd,Textiles & Apparel,Textiles & Leather Goods,Textiles & Leather Goods (NEC),Asia,2025,"1,653,457,449.83",21.23,0.3636,0.0905611,100,57.00337325,44.41,80,62.88,49.21,86.54,41.45,36.39,58.95,67.54,59.58,65.55,60.53,39.63
300979.SZ,Huali Industrial Group Co Ltd,Textiles & Apparel,Footwear,Footwear (NEC),Asia,2025,"7,134,117,980.60",22.69,0.3846,0.0306354,100,59.95404523,72.98,28.8,45.62,92.81,28.21,94.98,36.39,42.9,89.09,46.79,67.99,87.56,58.23
3389.HK,Hengdeli Holdings Ltd,Textiles & Apparel,Apparel & Accessories,Watches,Asia,2025,"66,974,663.57",18.02,0.375,0.0252645,100,23.09557384,63.66,0,29.83,20.29,4.81,9.54,72.15,35.49,58.6,23.62,11.89,16.55,3.96
383220.KS,F&F Co Ltd,Textiles & Apparel,Apparel & Accessories,Apparel & Accessories (NEC),Asia,2025,"1,553,213,808.51",21.16,0.5,0.2289126,100,55.03790269,96.58,28.8,66.16,39.59,58.33,38.25,12.97,81.79,7.25,59.5,97.26,94.81,67.99
600177.SS,Youngor Fashion Co Ltd,Textiles & Apparel,Apparel & Accessories,Apparel & Accessories (NEC),Asia,2025,"4,278,171,662.57",22.18,0.3333,0.5214495,100,50.88080401,78.57,28.8,56.87,55.06,4.81,44.85,36.39,69.44,84.94,47.55,71.65,61.29,94.21
600398.SS,HLA Group Corp Ltd,Textiles & Apparel,Apparel & Accessories,Men's Clothing,Asia,2025,"3,537,743,978.26",21.99,0.2727,0.1756946,100,43.24525161,9.63,28.8,25.54,18.01,4.81,2.45,36.39,33.64,41.04,24.71,30.79,61.29,30.79
600612.SS,Lao Feng Xiang Co Ltd,Textiles & Apparel,Apparel & Accessories,Jewelry,Asia,2025,"2,322,603,974.35",21.57,0.3333,0.4207724,100,5.122901207,21.43,0,5.75,11.36,0,9.75,0,0.31,10.25,1.89,5.79,21.07,1.52
601718.SS,Jihua Group Corp Ltd,Textiles & Apparel,Apparel & Accessories,Apparel & Accessories (NEC),Asia,2025,"1,778,758,649.70",21.3,0.3846,0.2285035,100,48.89592994,42.55,80,56.02,72.81,0,84.44,64.56,41.67,60.04,34.61,61.89,33.8,5.79
603225.SS,Xinfengming Group Co Ltd,Textiles & Apparel,Textiles & Leather Goods,Synthetic Fabrics,Asia,2025,"3,612,146,247.07",22.01,0.375,1.5716387,100,30.53707619,27.64,28.8,24.37,52.41,0,52.41,26.58,17.59,74.52,13.05,18.6,19.25,6.4
7936.T,Asics Corp,Textiles & Apparel,Footwear,Sports & Outdoor Footwear,Asia,2025,"15,013,792,127.55",23.43,0.5833,0.4991743,100,68.41216111,75.47,28.8,64.24,53.48,86.54,68.38,75.95,91.67,9.57,73.75,55.18,44.88,78.96
8016.T,Onward Holdings Co Ltd,Textiles & Apparel,Apparel & Accessories,Apparel & Accessories (NEC),Asia,2025,"567,852,065.25",20.16,0.2857,0.6178177,100,30.6353563,61.56,80.8,52.95,30.23,29.03,8.87,11.95,18.94,84.95,23.5,33.64,54.91,15.12
9904.TW,Pou Chen Corp,Textiles & Apparel,Footwear,Footwear (NEC),Asia,2025,"2,414,254,573.72",21.6,0.3333,0.3332657,100,71.75140592,89.75,28.8,61.18,65.2,86.54,85.31,68.67,73.15,1.32,78.88,78.96,60.53,80.79
9910.TW,Feng Tay Enterprises Co Ltd,Textiles & Apparel,Footwear,Sports & Outdoor Footwear,Asia,2025,"3,126,096,991.73",21.86,0.3125,0.2427268,100,64.65628079,89.13,28.8,63.52,63.44,58.33,67.32,48.1,79.94,52.41,65.29,85.06,60.53,69.82
9938.TW,Taiwan Paiho Ltd,Textiles & Apparel,Textiles & Leather Goods,Textiles & Leather Goods (NEC),Asia,2025,"408,885,773.99",19.83,0.3846,0.7068711,100,58.11474553,83.23,29.49,53.67,60.01,87.91,67.18,40.71,56.73,72.91,58.14,41.05,4.85,61.42
ADSGn.DE,Adidas AG,Textiles & Apparel,Footwear,Sports & Outdoor Footwear,Europe,2025,"30,429,000,000.00",24.14,0.6364,0.9522754,21.42857143,83.41701961,61.8,80,77.46,83.56,86.54,87.45,68.67,86.11,94,85.06,94.21,48.46,91.46
AKSA.IS,Aksa Akrilik Kimya Sanayii AS,Textiles & Apparel,Textiles & Leather Goods,Textiles & Leather Goods (NEC),Asia,2025,"756,293,405.35",20.44,0.3333,0.2696603,100,77.91295965,82.92,80,78.93,73.44,58.33,87.68,96.84,75,43.31,79.19,86.89,47.43,75.91
ALPA4.SA,Alpargatas SA,Textiles & Apparel,Footwear,Footwear (NEC),Americas,2025,"1,185,412,194.25",20.89,0,0.399686,100,60.91150893,41.3,28.8,52.52,48.71,67.95,47.5,59.49,84.26,41.79,70.14,70.43,65.15,88.11
BCU.MI,Brunello Cucinelli SpA,Textiles & Apparel,Apparel & Accessories,Luxury Clothing,Europe,2025,"6,707,371,603.47",22.63,0.4286,1.9013113,52.38095238,40.44519831,57.45,0,43.89,21.29,41.67,16.14,12.97,78.09,50.79,49.92,61.28,2.82,97.26
BIRK.N,Birkenstock Holding PLC,Textiles & Apparel,Footwear,Footwear (NEC),Europe,2025,"6,404,250,150.34",22.58,0.4286,0.4809239,100,32.1146191,1.25,29.6,14.55,7.11,86.45,4.17,52.52,9.01,6.94,51.55,13.27,22.06,53.7
BORG.ST,Bjorn Borg AB,Textiles & Apparel,Apparel & Accessories,Apparel & Accessories (NEC),Europe,2025,"146,261,510.96",18.8,1,0.1672246,100,65.9017826,54.35,80,61.4,82.56,58.33,87.88,85.13,47.84,97.39,61.04,76.52,33.7,7.62
BOSSn.DE,Hugo Boss AG,Textiles & Apparel,Apparel & Accessories,Apparel & Accessories (NEC),Europe,2025,"2,544,960,000.00",21.66,0.8333,0.8607693,100,84.4636839,58.7,80,81.42,80.9,86.54,78.73,85.13,99.07,80.55,86.73,80.79,92.28,98.48
CALN.S,Calida Holding AG,Textiles & Apparel,Apparel & Accessories,Apparel & Accessories (NEC),Europe,2025,"97,444,254.62",18.39,0.7143,0.3998934,100,52.56206048,51.86,80,70.3,35.65,58.33,16.83,53.16,73.77,90.98,54.17,50.91,46.8,53.96
COA.L,Coats Group PLC,Textiles & Apparel,Textiles & Leather Goods,Textiles & Leather Goods (NEC),Europe,2025,"1,858,547,387.10",21.34,0.7273,1.7921289,100,78.95060134,59.32,80,73.62,83.38,86.54,87.15,53.16,77.47,64.38,77.97,89.33,92.97,81.4
COLM.OQ,Columbia Sportswear Co,Textiles & Apparel,Apparel & Accessories,Apparel & Accessories (NEC),Americas,2025,"2,527,673,498.09",21.65,0.8889,0,100,58.59836445,21.22,19.07,27.52,75.54,43.37,80.27,7.33,54.68,85.76,40.55,67.32,36.55,46.74
CROX.OQ,Crocs Inc,Textiles & Apparel,Footwear,Footwear (NEC),Americas,2025,"3,655,277,538.72",22.02,0.8889,0.7350414,11.9047619,65.08426154,50,28.8,45.71,46.85,86.54,49.01,93.67,59.57,45.3,79.02,53.35,38.37,86.28
DESA.IS,Desa Deri Sanayi ve Ticaret AS,Textiles & Apparel,Apparel & Accessories,Apparel & Accessories (NEC),Asia,2025,"108,890,375.44",18.51,0.4,0.1079523,100,13.58453841,17.7,0,5,12.64,47.76,17.25,0,0.93,1.06,16.84,8.84,6.99,3.35
DIOR.PA,Christian Dior SE,Textiles & Apparel,Apparel & Accessories,Apparel & Accessories (NEC),Europe,2025,"107,492,225,778.00",25.4,0.4444,0.6093759,16.66666667,77.55354933,86.02,80,87.25,54.06,86.54,50.26,93.67,95.37,62.24,86.27,95.43,60.75,61.28
DLTH.OQ,Duluth Holdings Inc,Textiles & Apparel,Apparel & Accessories,Apparel & Accessories (NEC),Americas,2025,"65,041,145.84",17.99,0.7778,0.3248905,100,28.56769643,9.18,0,15.52,50.85,16.34,58.64,14.1,35.58,34.4,18.81,7.1,36.55,47.53
ECNL.MI,Aquafil SpA,Textiles & Apparel,Textiles & Leather Goods,Synthetic Fabrics,Europe,2025,"101,855,710.75",18.44,0.5,2.1737332,100,62.52028626,50.62,28.8,39.97,55.94,58.33,72.05,91.77,43.52,4.33,71.76,62.5,52.82,79.57
FIGS.N,Figs Inc,Textiles & Apparel,Apparel & Accessories,Apparel & Accessories (NEC),Americas,2025,"1,604,075,999.80",21.2,0.7778,0.0129928,100,30.46709532,11.49,0,13.6,52.23,16.03,66.34,12.97,28.7,14.41,22.61,14.33,38.37,59.45
FOSL.OQ,Fossil Group Inc,Textiles & Apparel,Apparel & Accessories,Watches,Americas,2025,"174,925,113.96",18.98,0.7778,1.2056698,100,53.90118719,37.66,29.49,43.56,65.79,87.91,63.94,14.1,61.86,64.36,51.86,51.54,77.14,47.53
GABR.CO,Gabriel Holding A/S,Textiles & Apparel,Textiles & Leather Goods,Natural Fabrics,Europe,2025,"60,757,136.56",17.92,0.4286,1.3478856,100,37.9723966,5.9,28.8,35.7,17.56,86.54,13.28,59.49,63.89,39.84,48.92,22.87,5.56,14.33
GEO.MI,Geox SpA,Textiles & Apparel,Footwear,Footwear (NEC),Europe,2025,"115,095,278.21",18.56,0.3333,4.8984668,100,74.84451592,67.41,29.49,59.66,66.22,87.91,64.68,89.74,84.29,92.46,82.92,78.7,34.55,71.91
GIII.OQ,G-III Apparel Group Ltd,Textiles & Apparel,Apparel & Accessories,Apparel & Accessories (NEC),Americas,2025,"1,040,278,665.30",20.76,0.7857,0.0036672,100,31.20456257,29.69,29.6,28.9,55.74,30.97,67.84,11.95,27.64,27.43,24.61,20.06,37.69,39.2
GIL.TO,Gildan Activewear Inc,Textiles & Apparel,Apparel & Accessories,Apparel & Accessories (NEC),Americas,2025,"9,853,769,482.31",23.01,0.84,1.1349939,80.95238095,67.85094533,87.89,80,73.64,29.63,86.54,7.27,85.13,57.1,68.85,85.62,86.28,82.57,83.84
GRND3.SA,Grendene SA,Textiles & Apparel,Footwear,Footwear (NEC),Americas,2025,"645,069,931.28",20.28,0.2857,0.021981,100,35.92011937,56.83,28.8,48.42,16.55,28.21,9.64,12.97,62.04,46.07,42.26,68.6,6.82,64.94
HAPD.IC,Hampidjan hf,Textiles & Apparel,Textiles & Leather Goods,Textiles & Leather Goods (NEC),Europe,2025,"441,287,507.30",19.91,0,0.6538118,100,27.49558424,46.89,28.8,25.34,13.49,86.54,3.57,0,6.48,25,35.71,2.74,45.83,55.49
HRMS.PA,Hermes International SCA,Textiles & Apparel,Apparel & Accessories,Handbags & Luggage,Europe,2025,"224,018,292,264.00",26.13,0.3889,0.1254183,100,55.59749421,92.19,29.6,71.89,40.95,57.42,41.98,11.95,99.69,14.71,57.12,84.88,75.14,76.85
JSG.L,Johnson Service Group PLC,Textiles & Apparel,Textiles & Leather Goods,Textiles & Leather Goods (NEC),Europe,2025,"585,838,453.55",20.19,0.7143,0.4154448,100,47.26796073,43.79,28.8,33.16,82.31,23.72,91.92,36.39,29.94,52.54,32.94,39.94,78.91,32.01
KORDS.IS,Kordsa Teknik Tekstil AS,Textiles & Apparel,Textiles & Leather Goods,Synthetic Fabrics,Asia,2025,"186,876,949.52",19.05,0.2857,1.083666,100,81.65638146,93.48,28.8,67.84,73.67,86.54,89.08,85.13,88.58,39.79,90.54,94.82,47.43,97.87
KTB.N,Kontoor Brands Inc,Textiles & Apparel,Apparel & Accessories,Apparel & Accessories (NEC),Americas,2025,"2,891,638,279.19",21.79,0.8889,1.8505331,100,53.52303518,56.21,28.8,44.39,55.29,58.33,53.76,75.95,51.54,52.05,53.72,21.65,67.79,64.94
LAKE.OQ,Lakeland Industries Inc,Textiles & Apparel,Apparel & Accessories,Apparel & Accessories (NEC),Americas,2025,"73,807,207.02",18.12,0.8571,0.1184306,100,26.55435762,1.25,0,4.33,17.24,42.9,6.67,33.02,10.87,57.16,29.4,5.86,10.21,39.2
LAMB.KL,Lambo Group Bhd,Textiles & Apparel,Footwear,Footwear Wholesale,Asia,2025,"1,616,897.32",14.3,0.6,0.0694238,100,22.99261515,3.75,0,14.14,25.68,25.81,21.63,11.95,35.71,45.32,25.36,28.09,16.43,39.2
LEVI.N,Levi Strauss & Co,Textiles & Apparel,Apparel & Accessories,Apparel & Accessories (NEC),Americas,2025,"6,893,535,001.03",22.65,0.8462,0.5072317,10.71428571,54.62294834,53.48,79.91,71.97,47.44,5.56,46.66,56.73,77.24,31.26,50.23,83.64,75.61,60.8
LULU.OQ,Lululemon Athletica Inc,Textiles & Apparel,Apparel & Accessories,Apparel & Accessories (NEC),Americas,2025,"20,755,615,859.47",23.76,0.9091,0.0028677,80.95238095,61.18884619,25.94,80.8,59.36,78.19,70.97,81.24,11.95,61.8,65.17,42.51,23.15,82.47,69.75
LVMH.PA,LVMH Moet Hennessy Louis Vuitton SE,Textiles & Apparel,Apparel & Accessories,Apparel & Accessories (NEC),Europe,2025,"321,008,076,300.00",26.49,0.55,0.5877437,7.142857143,81.09475061,95.96,80,91.46,53.23,86.54,63.28,93.67,99.69,25.26,91.88,96.04,44.89,91.46
MAGN.N,Magnera Corp,Textiles & Apparel,Textiles & Leather Goods,Textiles & Leather Goods (NEC),Americas,2025,"462,131,704.60",19.95,0.9167,1.8345865,100,43.4900689,3.75,29.6,12.69,77.04,57.42,87.7,43.71,2.17,92.88,35.07,1.54,0,39.2
MEKKO.HE,Marimekko Oyj,Textiles & Apparel,Apparel & Accessories,Apparel & Accessories (NEC),Europe,2025,"527,164,374.47",20.08,0.8571,0.4058077,100,42.51312355,39.44,28.8,50.67,36.06,58.33,24.07,36.39,80.56,93.21,44.53,60.67,10.26,8.84
MONC.MI,Moncler SpA,Textiles & Apparel,Apparel & Accessories,Apparel & Accessories (NEC),Europe,2025,"15,125,744,532.08",23.44,0.5833,0.2669073,100,79.69626451,98.45,58.4,82.79,69.45,86.54,56.3,68.67,95.99,98.82,86.87,99.7,91.13,92.99
MONNA.MI,Monnalisa SpA,Textiles & Apparel,Apparel & Accessories,Children's & Infants' Clothing,Europe,2025,"4,838,553.37",15.39,0.5714,1.3921715,100,27.18747626,5.28,58.4,23.7,3.03,31.41,1.97,85.13,2.16,5.12,40.84,19.21,5.24,27.44
MOV.N,Movado Group Inc,Textiles & Apparel,Apparel & Accessories,Watches,Americas,2025,"275,327,002.74",19.43,0.75,0.0006204,100,52.20087541,11.88,80.8,45.59,33.52,67.1,32.62,76.73,34.47,0.42,62.18,29.32,87.69,84.88
NEWAb.ST,New Wave Group AB,Textiles & Apparel,Apparel & Accessories,Apparel & Accessories (NEC),Europe,2025,"991,699,058.26",20.71,0.8,0.3276385,100,47.17456334,13.35,80,46.75,59.45,58.33,78.07,68.67,37.35,14.57,42.2,25.91,33.7,4.57
NILb.ST,Nilorngruppen AB,Textiles & Apparel,Textiles & Leather Goods,Textiles & Leather Goods (NEC),Europe,2025,"64,114,616.21",17.98,0.8333,0.2327813,100,41.76655308,72.36,80,76.6,33.37,41.67,29.91,27.53,76.23,13.34,34.84,46.04,80.74,16.77
ONON.N,On Holding AG,Textiles & Apparel,Footwear,Sports & Outdoor Footwear,Europe,2025,"13,099,050,273.30",23.3,0.625,0.2878287,100,34.66212648,23.29,80,40.72,29.17,41.67,21.22,12.97,13.89,69.51,34.52,34.45,8.43,53.35
OXM.N,Oxford Industries Inc,Textiles & Apparel,Apparel & Accessories,Men's Clothing,Americas,2025,"433,213,350.05",19.89,0.9091,0.0499631,100,41.28409463,5.94,80.8,41.06,32.09,70.97,34.63,49.69,26.4,45.01,44.11,14.51,0,39.2
PDJ.BK,Pranda Jewelry PCL,Textiles & Apparel,Apparel & Accessories,Jewelry,Asia,2025,"20,082,348.83",16.82,0.3333,0.4382916,100,47.30246235,40.06,0,30.44,32.59,58.33,18.41,36.39,54.01,95.72,60.99,63.72,8.82,95.43
PNDORA.CO,Pandora A/S,Textiles & Apparel,Apparel & Accessories,Jewelry,Europe,2025,"7,487,540,204.53",22.74,0.8571,2.4330065,100,73.22122155,32.61,0,42.58,68.18,86.54,74.22,91.77,92.28,60.16,85.9,71.04,50,99.7
POHK.KL,Poh Kong Holdings Bhd,Textiles & Apparel,Apparel & Accessories,Jewelry,Asia,2025,"98,467,194.84",18.41,0.3333,0.1953296,100,28.0344689,20.94,0,16.38,46.61,10.97,47.46,11.95,29.5,55.23,23.01,50.93,29.41,14.51
PUMG.DE,Puma SE,Textiles & Apparel,Footwear,Footwear (NEC),Europe,2025,"3,300,576,749.80",21.92,0.75,0.6075797,52.38095238,85.26755292,99.07,80,91.59,81.7,86.54,95.09,93.67,97.84,30,86.42,93.6,92.28,64.94
PVH.N,PVH Corp,Textiles & Apparel,Apparel & Accessories,Apparel & Accessories (NEC),Americas,2025,"2,613,631,849.29",21.68,0.9167,0.4078592,81.48148148,72.89247706,29.5,80,73.51,88.03,86.54,99.6,79.11,98.46,66.34,77.57,55.79,62.67,94.82
RCKY.OQ,Rocky Brands Inc,Textiles & Apparel,Footwear,Footwear Wholesale,Americas,2025,"187,421,647.63",19.05,0.8889,0.5543656,100,35.79629896,25.16,0,13.67,56.37,31.41,50.05,48.1,19.14,98.08,29.96,13.72,25.36,27.44
SABINA.BK,Sabina PCL,Textiles & Apparel,Apparel & Accessories,Lingerie,Asia,2025,"153,490,782.98",18.85,0.3846,0.2001176,100,53.5518813,97.83,28.8,55.57,61.85,37.18,71.9,12.97,52.16,33.27,47.92,79.57,54.51,64.94
SASA.IS,SASA Polyester Sanayi AS,Textiles & Apparel,Textiles & Leather Goods,Textiles & Leather Goods (NEC),Asia,2025,"2,414,690,724.82",21.6,0.4167,0.7826986,100,76.43152228,91.61,28.8,59.17,57.33,58.33,65.85,99.68,66.36,35.56,85.79,92.99,47.43,99.09
SFER.MI,Salvatore Ferragamo SpA,Textiles & Apparel,Apparel & Accessories,Apparel & Accessories (NEC),Europe,2025,"1,389,141,700.00",21.05,0.5385,1.2734314,80.95238095,64.0761513,84.78,80,86.24,54.73,86.54,63.39,12.97,93.52,27.17,60.24,75.91,52.82,60.06
SGC.OQ,Superior Group of Companies Inc,Textiles & Apparel,Apparel & Accessories,Men's Clothing,Americas,2025,"129,649,249.69",18.68,0.75,0.4326498,100,42.92772108,12.73,0,11.2,71.48,67.95,70.76,12.97,21.3,86.72,43.77,24.7,52.23,77.74
SUNTK.IS,Sun Tekstil Sanayi Ve Ticaret AS,Textiles & Apparel,Apparel & Accessories,Women's Clothing,Asia,2025,"572,971,247.60",20.17,0.2857,0.2639007,100,81.09063344,99.69,80,87.89,63.59,86.54,62.32,99.05,87.35,60.92,87.78,88.11,73.9,73.48
SUY1V.HE,Suominen Oyj,Textiles & Apparel,Textiles & Leather Goods,Textiles & Leather Goods (NEC),Europe,2025,"104,514,797.59",18.46,0.8571,0.8652473,100,55.92146199,53.11,28.8,44.71,53.86,86.54,51.23,36.39,54.63,66.05,59.21,43.6,48.72,71.65
TECE.KL,Techbase Industries Bhd,Textiles & Apparel,Apparel & Accessories,Apparel & Accessories (NEC),Asia,2025,"5,504,270.12",15.52,0.3333,0.1276706,100,17.43999336,15.31,0,5.75,26.78,19.03,26.23,25.16,4.66,35.5,16.83,8.95,16.43,13.89
TPCS.BK,Tpcs PCL,Textiles & Apparel,Textiles & Leather Goods,Textiles & Leather Goods (NEC),Asia,2025,"28,824,510.82",17.18,0.4167,0,100,46.76634898,48.76,28.8,41.29,48.96,47.76,40.12,48.1,48.46,92.8,47.67,47.87,27.45,46.65
UHR.S,Swatch Group AG,Textiles & Apparel,Apparel & Accessories,Watches,Europe,2025,"9,571,532,015.74",22.98,0,0.0010641,38.0952381,61.74139617,97.2,80,90.65,21.67,86.54,22.2,96.84,96.6,3.17,74.04,51.52,46.8,57.01
UPF.BK,Union Pioneer PCL,Textiles & Apparel,Textiles & Leather Goods,Textiles & Leather Goods (NEC),Asia,2025,"4,674,025.30",15.36,0.3333,0.0694803,100,41.84364404,36.96,28.8,28.41,44.46,28.21,37.79,59.49,21.91,84.82,44.41,46.65,17.25,45.73
VELD.BR,Van de Velde NV,Textiles & Apparel,Apparel & Accessories,Lingerie,Europe,2025,"386,225,802.20",19.77,0.3571,0.0661019,100,58.2953369,65.53,0,39.42,28.7,86.54,25.83,90.51,60.19,44.17,81.21,73.48,19.83,71.65
WACOAL.BK,Thai Wacoal PCL,Textiles & Apparel,Apparel & Accessories,Apparel & Accessories (NEC),Asia,2025,"56,576,028.01",17.85,0.2941,0.0137322,100,46.18139709,64.29,28.8,42.2,35.1,23.72,12.98,59.49,39.81,78.6,52.99,82.01,80.39,45.73
WWW.N,Wolverine World Wide Inc,Textiles & Apparel,Footwear,Footwear (NEC),Americas,2025,"1,266,687,166.75",20.96,0.9,2.0117976,100,38.00849043,23.91,80,56.23,68.59,37.18,72.63,12.97,55.56,55.66,30.24,32.62,67.79,39.63
YUNSA.IS,Yunsa Yunlu Sanayi ve Ticaret AS,Textiles & Apparel,Textiles & Leather Goods,Textiles & Leather Goods (NEC),Asia,2025,"72,031,908.13",18.09,0.3333,0.0980567,100,80.52922644,92.86,80,85.41,71.26,86.54,80.63,85.13,85.49,29.93,83.6,99.09,86.4,52.74
YXPR.KL,YX Precious Metals Bhd,Textiles & Apparel,Apparel & Accessories,Jewelry,Asia,2025,"16,796,062.63",16.64,0.5,0.0973193,100,19.48274285,14.6,0,7.59,36.83,4.81,46.38,36.39,10.19,17.48,14.78,7.01,18.1,12.5
ZGN.N,Ermenegildo Zegna NV,Textiles & Apparel,Apparel & Accessories,Apparel & Accessories (NEC),Europe,2025,"2,340,976,480.48",21.57,0.9091,1.0532767,100,36.71142229,81.68,0,40.26,34.05,31.41,39.44,12.97,50.93,3.89,40.03,84.45,52.33,22.87
ZHCO.KL,Zhulian Corporation Bhd,Textiles & Apparel,Apparel & Accessories,Jewelry,Asia,2025,"103,321,954.14",18.45,0.375,0.0007143,100,29.94156387,8.44,29.6,21.48,17.29,17.1,8.32,57.86,22.67,47.78,39.38,21.91,16.43,76.23
