Company,Date,Link,Text,Cat_E,Cat_S,Cat_G,Cat_N,Resource_Use_active,Resource_Use_reasoning,Emissions_active,Emissions_reasoning,Innovation_active,Innovation_reasoning,Workforce_active,Workforce_reasoning,Human_Rights_active,Human_Rights_reasoning,Community_active,Community_reasoning,Product_Responsibility_active,Product_Responsibility_reasoning,Management_active,Management_reasoning,Shareholders_active,Shareholders_reasoning,CSR_Strategy_active,CSR_Strategy_reasoning
Under Armour,2025-11-02T19:20:41.506Z,https://www.linkedin.com/posts/under-armour_shop-the-shoes-that-got-sharon-lokedi-over-activity-7390830228694249472-jY8k?utm_source=social_share_send&utm_medium=member_desktop_web&rcm=ACoAADqrELEB54AWnVjn_ZMrJgLJOGsdW0MjjpE,"Since her breakout win at the 2022 NYC Marathon, Lokedi has podiumed in four of her six marathons, but 2025 stands apart as her most impressive year yet. For this run, she trusted Under Armour’s UA Velociti Elite 3, the brand’s most advanced marathon race shoe engineered for speed, stability, and endurance, and the same model that powered her Boston Marathon victory. 

Now available on UA.com and in select run specialty stores, the Velociti Elite 3 continues to deliver when it matters most.

https://lnkd.in/dndqHcw",No,No,No,Yes,No,"Product marketing post for running shoes with no mention of reducing materials, energy, water use, or supply chain eco-efficiency.",No,No reference to operational or product-related emissions or reduction efforts.,No,"While the shoe is described as engineered for performance, there is no explicit environmental technology, eco-design, or reduction of environmental burdens mentioned.",No,"No content about employee health and safety, diversity, job satisfaction, or development.",No,No mention of policies or actions related to fundamental human rights.,No,"No references to community engagement, public health initiatives, or business ethics programs.",No,"Mentions product performance but not customer health and safety, product quality standards, or data privacy.",No,No discussion of corporate governance practices or structures.,No,"No information on shareholder rights, engagement, or anti-takeover measures.",No,No communication about integrating social/environmental considerations into strategy or CSR reporting.
Under Armour,2025-09-22T15:33:23.394Z,https://www.linkedin.com/posts/under-armour_patrick-duroseau-on-making-an-impact-with-activity-7375915123816763393-ulHC?utm_source=social_share_send&utm_medium=member_desktop_web&rcm=ACoAADqrELEB54AWnVjn_ZMrJgLJOGsdW0MjjpE,"At Under Armour, we believe in showing up for others and Patrick Duroseau is doing just that through his work with Soles4Souls, a nonprofit that turns unwanted shoes and clothing into opportunity, by keeping them from going to waste and putting them to good use – providing relief, creating jobs and empowering people to break the cycle of poverty.

As a longtime volunteer and current Executive Board member, Patrick helps guide Soles4Souls’ strategy, strengthen financial oversight, and scale impact across global communities. From distributing shoes domestically in Baltimore and Atlanta to global missions in Haiti, Honduras, and the Dominican Republic, he’s seen firsthand how something as simple as a pair of shoes can restore dignity, unlock education, and create economic opportunity.

His leadership reminds teammates that giving back isn’t just a gesture, it’s a mindset. He encourages his teammates to adopt this thinking and fully leverage Under Armour’s 40 hours of annual paid #volunteer time. Making an impact in the community fuels connection, purpose, and growth for everyone involved.

#LifeatUA #FightonTogether",Yes,Yes,Yes,No,Yes,"The post explicitly notes keeping unwanted shoes and clothing from going to waste by repurposing them through Soles4Souls, indicating circularity and waste reduction aligned with resource use efficiency.",No,There is no mention of reducing greenhouse gas emissions or other operational emissions.,No,"No reference to environmental technologies, eco-designed products, or processes that reduce environmental burdens for customers.",Yes,"Under Armour offers 40 hours of annual paid volunteer time and encourages teammates to participate, indicating initiatives that support employee engagement, purpose, and development.",No,"While dignity and education are mentioned, there is no explicit reference to fundamental human rights policies or conventions.",Yes,"The activities described—providing relief, creating jobs, empowering people to break poverty, and distributing shoes in multiple communities—demonstrate community impact and corporate citizenship.",No,"No discussion of customer health and safety, product quality standards, or data privacy.",No,"No information on Under Armour’s corporate governance practices; references to strategy and financial oversight pertain to the nonprofit, not the company.",No,"No mention of shareholder rights, equal treatment, or anti-takeover mechanisms.",Yes,"The post communicates a formal corporate program (40 hours paid volunteer time) and frames it within company values, showing integration of social impact into company practices and public CSR communication."
Under Armour,2025-08-14T14:14:48.452Z,https://www.linkedin.com/posts/under-armour_tini-stoessel-joins-under-armour-championing-activity-7361762221158199296-kSS_?utm_source=social_share_send&utm_medium=member_desktop_web&rcm=ACoAADqrELEB54AWnVjn_ZMrJgLJOGsdW0MjjpE,"Tini Stoessel Joins Under Armour, Championing a New Era of Performance and Self-Expression 

Argentinian pop sensation Tini is UA’s newest brand #ambassador, bringing her signature blend of strength, authenticity, and style to the forefront of #sport and #culture. 

With a fanbase that spans continents, Tini represents a new generation of #athletes. She will headline both regional and global campaigns, co-creating digital storytelling, live activations, and wellness-driven initiatives.  

https://lnkd.in/eB9mqVgM",No,No,No,Yes,No,"The post announces a brand ambassador and marketing initiatives without mentioning materials, energy/water efficiency, or supply chain eco-management.",No,"No reference to operational or production emissions, carbon targets, or reduction measures.",No,"There is no mention of environmental technologies, eco-designed products, or innovations that reduce environmental impact.",No,"The content does not address employee safety, job satisfaction, diversity/equal opportunity, or development; 'wellness-driven initiatives' are framed as marketing/consumer-facing.",No,No explicit mention of policies or actions related to fundamental human rights.,No,"The post focuses on campaigns and activations; it does not explicitly describe community investment, philanthropy, ethics programs, or public health initiatives.",No,"No discussion of product quality/safety, consumer health and safety, or data privacy/integrity.",No,"No information on corporate governance practices, structures, or policies.",No,"No content about shareholder rights, treatment, or anti-takeover measures.",No,"The announcement does not communicate integration of environmental, social, and financial dimensions into decision-making or CSR reporting."
Under Armour,2025-06-12T13:30:44.016Z,https://www.linkedin.com/posts/under-armour_lifeatua-fertilitybenefits-employeesupport-activity-7338920694056951809-NuDI?utm_source=social_share_send&utm_medium=member_desktop_web&rcm=ACoAADqrELEB54AWnVjn_ZMrJgLJOGsdW0MjjpE,"We believe that supporting our Under Armour teammates means showing up for every chapter of their lives—including the journey to parenthood.
 
When teammate Crystal Sherrod first discussed UA’s fertility benefits, it was through heartfelt conversations with her teammates who had walked the same path. That sense of community and shared experience is what makes our culture so special. 
 
Through our medical plan, U.S. based teammates have access to a flexible and comprehensive benefit that includes:
🩺 Covered initial consultations and diagnostic testing
🏥 Access to a wide network of clinics
🎯 Point-based system for personalized treatment paths, including the option to begin with IVF
🤝 Dedicated point of contact to help navigate the process
 
For Crystal, this benefit wasn’t just helpful—it was life-changing. After 17 years at UA and welcoming a child through her IVF journey, she described the support as ""the best bonus UA has ever given me!"" From generous parental leave to leadership that understands the time and emotional investment fertility treatment requires, UA’s commitment to employee well-being goes far beyond the workplace.
 
#LifeAtUA #FertilityBenefits #EmployeeSupport #WorkplaceWellbeing #UnderArmourMakesYouBetter",No,Yes,No,No,No,"No mention of reducing materials, energy, or water use, nor supply chain eco-efficiency.",No,No reference to reducing operational or production emissions.,No,"No discussion of environmental technologies, eco-design, or innovations that lower environmental impacts.",Yes,"Explicit details on employee fertility benefits (consultations, testing, clinic network, IVF option, dedicated support), generous parental leave, and leadership support for well-being indicate workplace health, benefits, and job satisfaction initiatives.",No,"No explicit mention of policies or actions related to fundamental human rights conventions (e.g., freedom of association, child/forced labor, non-discrimination policies).",No,Content focuses on internal employee benefits rather than external community engagement or public health initiatives.,No,"No content about product quality, customer health and safety, or data privacy.",No,"No information on corporate governance practices, board structure, or policies.",No,"No mention of shareholder rights, equal treatment, or anti-takeover measures.",No,"While it highlights an employee benefit, it does not communicate an integrated CSR strategy or reporting across environmental, social, and economic dimensions."
Under Armour,2025-04-04T15:57:33.754Z,https://www.linkedin.com/posts/under-armour_shari-manning-on-volunteering-with-team-rubicon-activity-7313952882049892352-UpqS?utm_source=social_share_send&utm_medium=member_desktop_web&rcm=ACoAAEEwhR8BmoWSRVBrwSVy1xrDQ-w28beKGSw,"At Under Armour, we believe in the importance of making a difference in the communities where we live and work. To support our teammates in being a force for good, we are proud to offer 40 hours of annual paid volunteer time. This benefit provides our team the opportunity to support the causes they are passionate about, whether it's coaching youth, participating in environmental clean-ups, or helping local nonprofits.
 
This Volunteer Month, we're proud to celebrate the incredible efforts of our team members who dedicate their time and skills to make a difference and highlight one teammate who used her volunteer hours to make an #impact. 
 
Shari Manning supported our longstanding partner Team Rubicon in their relief efforts in Georgia following Hurricane Helene. She knew this was an opportunity to help uplift a community in need and she encourages other teammates to get involved.

#lifeatua #volunteermonth #fightontogether",No,Yes,No,No,No,"The post does not mention reducing materials, energy, or water use, nor supply chain eco-efficiency efforts.",No,There is no reference to reducing operational or production-related emissions.,No,"No environmental technologies, eco-designed products, or processes aimed at reducing environmental burdens are discussed.",Yes,"Under Armour explicitly offers 40 hours of paid volunteer time as an employee benefit and recognizes teammates’ efforts, which relates to job satisfaction and employee engagement.",No,No explicit mention of respecting fundamental human rights conventions or related policies.,Yes,"The post focuses on community impact through employee volunteering, including youth coaching, environmental clean-ups, nonprofit support, and disaster relief with Team Rubicon, reflecting corporate citizenship and public welfare support.",No,"No discussion of product quality, customer health and safety, or data privacy.",No,"No content on corporate governance practices, structures, or policies.",No,"No mention of shareholder rights, treatment, or anti-takeover measures.",Yes,"The company communicates a structured CSR initiative (paid volunteer time program) and a longstanding NGO partnership (Team Rubicon), indicating formal social responsibility practices and their integration into company culture."
Safari Industries (India) Ltd,2025,https://www.linkedin.com/posts/safari-industries-india-ltd%2E_storelaunch-newstore-travelessentials-activity-7373651280667414529-9WF6?utm_source=share&utm_medium=member_desktop&rcm=ACoAAFX9cucB265rYizKTaJoNqng6qm1sY5pZcI,"✨ Exciting News! Our New Store Has Arrived in Malda! ✨

We are thrilled to announce the grand opening of our latest store at PRM Centre Point Mall, Malda, West Bengal. 🎉

Discover a wide range of high-quality luggage and travel accessories that combine durability, style, and innovation — designed to accompany you on every journey.

📍 Location: PRM Centre Point Mall, Malda, West Bengal
🛍️ Visit us today and elevate your travel experience with our exclusive collections.

Let your next adventure begin here! 🚀✈️

hashtag#StoreLaunch hashtag#NewStore hashtag#TravelEssentials hashtag#Luggage hashtag#RetailExpansion hashtag#WestBengal hashtag#ShoppingExperience hashtag#Safari hashtag#Safaribags hashtag#UrbanJungle hashtag#SafariSelect hashtag#luggage hashtag#Backpack hashtag#BornToTravel

Nrupal Mehta Akassh Mittal Anaysha Choudhury
",No,No,No,Yes,No,"The post announces a store opening and product offerings without any mention of reducing materials, energy, or water use, or improving supply chain eco-efficiency.",No,"There is no reference to greenhouse gas reductions, operational emissions, or emission management initiatives.",No,"Although the word 'innovation' is used in a marketing sense for products, there is no explicit link to environmental technologies, eco-design, or reducing environmental burdens for customers.",No,"No information is provided about employee health and safety, job satisfaction, diversity, or development opportunities.",No,"The content does not address human rights policies, compliance, or related practices.",No,"A store opening is mentioned, but there is no explicit evidence of community investment, public health initiatives, or business ethics programs.",No,"While 'high-quality' products are mentioned, there is no discussion of customer health and safety, product safety standards, or data privacy.",No,"The post does not discuss corporate governance structures, policies, or practices.",No,"There is no mention of shareholder rights, engagement, or anti-takeover measures.",No,"No evidence of CSR integration, targets, or reporting is provided; this is a marketing announcement for a store opening."
Safari Industries (India) Ltd,2025,https://www.linkedin.com/posts/safari-industries-india-ltd%2E_badmintontournament-teamspirit-funatwork-activity-7348591245344018432-Muq6?utm_source=share&utm_medium=member_desktop&rcm=ACoAAFX9cucB265rYizKTaJoNqng6qm1sY5pZcI,"🏸 Smashing Success at Our Badminton Tournament – 5th July 2025! 🏆

What a fantastic day it was as our teams battled it out on the court during our Inter-Department Badminton Tournament held on 5th July 2025! The energy, excitement, and enthusiasm were unmatched.

From powerful smashes to strategic drop shots, every match showcased amazing talent, sportsmanship, and team bonding. 💥💪

👏 A big round of applause to all the winners and participants who made the tournament a grand success — your spirit truly defines what it means to be a team!

Here’s to more such vibrant moments that bring us together beyond our workstations. 🥳

hashtag#BadmintonTournament hashtag#TeamSpirit hashtag#FunAtWork hashtag#EmployeeEngagement hashtag#SportsDay hashtag#LifeAtSafari hashtag#July2025 hashtag#Safari hashtag#Safaribags hashtag#UrbanJungle hashtag#SafariSelect hashtag#luggage hashtag#Backpack hashtag#BornToTravel",No,Yes,No,No,No,"No mention of reducing materials, energy, water use, or supply chain eco-efficiency.",No,No reference to operational or production emissions or reduction efforts.,No,"No discussion of environmental technologies, eco-design, or reducing customers’ environmental burden.",Yes,"Explicit focus on employee engagement, team bonding, and a company sports day event, evidencing efforts toward job satisfaction and workplace culture.",No,No content about adherence to human rights conventions or related policies.,No,The event is internal (inter-department tournament) with no indication of broader community or public health initiatives.,No,"No information on product quality, customer health and safety, or data privacy.",No,No details on corporate governance practices or structures.,No,"No mention of shareholder rights, treatment, or anti-takeover measures.",No,No communication about integrating social/environmental factors into strategy or CSR reporting.
Safari Industries (India) Ltd,2025,https://www.linkedin.com/posts/safari-industries-india-ltd%2E_safariindustries-travelsentryawards-awardwinningdesign-activity-7343949679866347521-KNoG?utm_source=share&utm_medium=member_desktop&rcm=ACoAAFX9cucB265rYizKTaJoNqng6qm1sY5pZcI,"🏆 Double Win for Safari! 🏆

We’re proud to share that we have been recognized with two prestigious awards at the Travel Sentry Product Awards 2025! ✈️🎉

This global recognition celebrates our dedication to design excellence, travel security, and customer-centric innovation in the luggage industry.

🔹 Award 1: [Phoenix LT - Soft Luggage https://lnkd.in/dsCZfkz5]
🔹 Award 2: [Caliber - Hard Luggage https://lnkd.in/dtTdKyC6 ]

These accolades are a reflection of our team’s passion, precision, and pursuit of perfection in every product we craft. A heartfelt thank you to our customers, partners, and the entire Safari family for being part of this incredible journey.

Here's to setting new benchmarks in travel gear! 🌍🧳
hashtag#SafariIndustries hashtag#TravelSentryAwards hashtag#AwardWinningDesign hashtag#InnovationInTravel hashtag#ProudMoment hashtag#LuggageThatLeads hashtag#MadeForTheWorld hashtag#Safari hashtag#Safaribags hashtag#UrbanJungle hashtag#SafariSelect hashtag#luggage hashtag#Backpack hashtag#BornToTravel",No,Yes,No,No,No,"No reference to reducing materials, energy, or water use, or to eco-efficient supply chain management.",No,No mention of efforts or commitments to reduce environmental emissions.,No,"Innovation is mentioned in a general/product sense, not in relation to environmental technologies or eco-designed products.",No,"While the post thanks the team, it does not explicitly address job satisfaction programs, workplace health and safety, diversity, or employee development.",No,No explicit mention of respecting fundamental human rights conventions.,No,"No explicit content about community engagement, public health initiatives, or business ethics programs.",Yes,"Awards for 'design excellence' and 'travel security' in luggage indicate a focus on product quality and customer safety/security, aligning with product responsibility.",No,No content related to corporate governance practices or board management.,No,"No mention of shareholder rights, treatment, or anti-takeover measures.",No,"The post does not communicate integration of financial, social, and environmental dimensions into decision-making or CSR reporting."
Safari Industries (India) Ltd,2025,https://www.linkedin.com/posts/safari-industries-india-ltd%2E_internationalyogaday-wellnessatwork-employeewellbeing-activity-7342823913841688576-_owi?utm_source=share&utm_medium=member_desktop&rcm=ACoAAFX9cucB265rYizKTaJoNqng6qm1sY5pZcI,"Today, our team came together to embrace the spirit of balance, mindfulness, and well-being through a rejuvenating yoga session at the workplace.

From ""Surya Namaskar"" to ""Deep Breathing"", our employees took a mindful pause from their busy routines to prioritize health — both physical and mental.

At Safari, we believe wellness is not just a practice, but a culture. A huge thank you to everyone who participated and brought such positive energy to the day! 🌿✨

Here’s to staying healthy, centered, and connected — on and off the mat. hashtag#InternationalYogaDay hashtag#WellnessAtWork hashtag#EmployeeWellbeing hashtag#HealthyWorkplace hashtag#YogaForLife hashtag#Safari hashtag#Safaribags hashtag#UrbanJungle hashtag#SafariSelect hashtag#luggage hashtag#Backpack hashtag#BornToTravel",No,Yes,No,No,No,"No mention of reducing materials, energy, or water use, nor supply chain eco-efficiency initiatives.",No,No reference to efforts or commitments to reduce environmental emissions.,No,"No discussion of environmental technologies, eco-designed products, or reducing environmental burdens for customers.",Yes,"The post focuses on employee well-being through a workplace yoga session and promoting a healthy workplace culture, aligning with health, safety, and job satisfaction aspects of the Workforce category.",No,No explicit mention of respecting fundamental human rights conventions or related policies.,No,"The activity is internal to employees and does not describe community engagement, philanthropy, or public health initiatives beyond the workplace.",No,"No content about product safety, quality, customer health and safety, or data privacy.",No,"No information on corporate governance practices, structures, or policies.",No,"No mention of shareholder rights, equal treatment, or anti-takeover measures.",No,"While it promotes wellness culture, it does not communicate integration of financial, social, and environmental dimensions into decision-making or CSR reporting."
Safari Industries (India) Ltd,2025,https://www.linkedin.com/posts/safari-industries-india-ltd%2E_design-tour-mumbai-activity-7323941240046010368-J9yn?utm_source=share&utm_medium=member_desktop&rcm=ACoAAFX9cucB265rYizKTaJoNqng6qm1sY5pZcI,"Empowering Creativity through Collaboration!
It was energizing to see such enthusiastic participation, diverse perspectives, and creative approach come together in one space.

A big shoutout to Nazuk Keshan for turning this workshop into a masterclass in design thinking.

Kudos to Parul University for fostering such a passionate and creative student Community!!

hashtag#designtour hashtag#designworkshop hashtag#industrialvisit hashtag#Safaribags hashtag#Safari hashtag#UrbanJungle hashtag#SafariSelect hashtag#luggage hashtag#Backpack hashtag#BornToTravel",No,No,No,Yes,No,"The post discusses a design thinking workshop and collaboration, with no mention of reducing materials, energy, water use, or supply chain eco-efficiency.",No,"There is no reference to emissions, carbon footprint, or pollution reduction initiatives.",No,"While creativity and design thinking are mentioned, there is no explicit link to environmental technologies, eco-design, or reducing environmental burdens for customers.",No,"The content references participation and diverse perspectives in a workshop but does not address employee safety, job satisfaction, diversity/equal opportunity policies, or workforce development programs within the company.",No,No mention of respecting or addressing fundamental human rights conventions.,No,"Although it praises a university’s student community, there is no explicit corporate community investment, public health initiative, philanthropy, or business ethics content.",No,"No information on product quality, consumer health and safety, or data privacy.",No,"No discussion of corporate governance practices, board structure, or policies.",No,"No mention of shareholder rights, treatment, or anti-takeover measures.",No,"No evidence of communicating integrated economic, social, and environmental decision-making or CSR reporting; the post is about a creative workshop/industrial visit."
Page Industries Ltd,2022,https://www.linkedin.com/posts/jockey-india_pageindustries-pil-pageians-activity-6882612137534091264-7mmc?utm_source=share&utm_medium=member_desktop&rcm=ACoAAFX9cucB265rYizKTaJoNqng6qm1sY5pZcI,"Page Industries Ltd wishes all followers a happy and safe New Year!

hashtag#pageindustries hashtag#pil hashtag#pageians hashtag#jockey hashtag#speedo hashtag#jockeyindia hashtag#speedoindia",No,No,No,Yes,No,"General New Year greeting with no mention of materials, energy, water efficiency, or supply chain eco-management.",No,No reference to operational or production emissions or reduction efforts.,No,"No discussion of environmental technologies, eco-design, or reducing environmental burdens for customers.",No,"No information on employee safety, satisfaction, diversity, or development.",No,No mention of policies or actions related to fundamental human rights.,No,"No explicit community engagement, public health, philanthropy, or business ethics content.",No,"No mention of product quality, safety, or data privacy.",No,No content on corporate governance practices or structures.,No,No mention of shareholder rights or related practices.,No,"No communication of integrating social, environmental, and financial dimensions or CSR reporting; it is a simple holiday greeting."
Page Industries Ltd,2022,https://www.linkedin.com/posts/jockey-india_pageians-pageindustries-pil-activity-6892756437462872064-OkPH?utm_source=share&utm_medium=member_desktop&rcm=ACoAAFX9cucB265rYizKTaJoNqng6qm1sY5pZcI,"Page Industries celebrated the 73rd Republic Day across all manufacturing facilities

hashtag#pageians hashtag#pageindustries hashtag#pil hashtag#jockey hashtag#jockeyindia hashtag#speedo hashtag#speedoindia hashtag#73rdrepublicday",No,No,No,Yes,No,"The post mentions a Republic Day celebration and does not reference materials, energy, water efficiency, or supply chain eco-management.",No,"No mention of emissions, carbon reduction, or pollution control measures.",No,"No reference to environmental technologies, eco-design, or reducing environmental burdens for customers.",No,"While a celebration at manufacturing facilities is noted, there is no explicit evidence of job satisfaction programs, health and safety measures, diversity/equal opportunity, or employee development.",No,"No discussion of human rights policies, commitments, or practices.",No,"The celebration appears internal; there is no explicit corporate citizenship initiative, philanthropy, or public health engagement described.",No,"No information on product quality, customer health and safety, or data privacy.",No,"No information on corporate governance structures, policies, or practices.",No,"No mention of shareholder rights, engagement, or anti-takeover measures.",No,"No indication of CSR strategy, integration of ESG into decision-making, or reporting—only a cultural celebration announcement."
Page Industries Ltd,2022,https://www.linkedin.com/posts/jockey-india_pageindustries-pil-jockey-activity-6906540481568735232-Ah5M?utm_source=share&utm_medium=member_desktop&rcm=ACoAAFX9cucB265rYizKTaJoNqng6qm1sY5pZcI,"Happy Women’s Day!
We thank our 22000+ women employees who are the backbone of our organisation.

hashtag#pageindustries hashtag#pil hashtag#jockey hashtag#speedo hashtag#jockeyindia hashtag#speedoindia hashtag#womensday2022",No,Yes,No,No,No,"No mention of reducing materials, energy, water use, or supply chain eco-efficiency.",No,No reference to environmental emissions or reduction initiatives.,No,"No indication of environmental technologies, eco-design, or reducing customers’ environmental burdens.",Yes,"The post explicitly thanks 22,000+ women employees, indicating workforce composition and recognition related to diversity and employee appreciation.",No,No explicit mention of respecting fundamental human rights conventions or related policies.,No,"The content is an internal appreciation message, not community engagement, public health, or business ethics initiatives.",No,"No discussion of product quality, customer health and safety, or data privacy.",No,No information about corporate governance practices or structures.,No,No mention of shareholder rights or anti-takeover measures.,No,Does not communicate integration of ESG into decision-making or CSR reporting; it is a celebratory post.
Page Industries Ltd,2022,https://www.linkedin.com/posts/jockey-india_pageians-pageindustries-pil-activity-6938380827089068032-l4eJ?utm_source=share&utm_medium=member_desktop&rcm=ACoAAFX9cucB265rYizKTaJoNqng6qm1sY5pZcI,"We are Hiring!

To Apply, visit https://lnkd.in/gVNJ7Q5 for more details.

hashtag#pageians hashtag#pageindustries hashtag#pil hashtag#jockey hashtag#speedo hashtag#jockeyindia hashtag#speedoindia hashtag#workwithus hashtag#openpositions hashtag#vacancyjob",No,No,No,Yes,No,"Generic hiring announcement; no mention of materials, energy, water use, or eco-efficiency.",No,No reference to operational or production emissions or reduction efforts.,No,"No mention of environmental technologies, eco-designed products, or reducing environmental burdens.",No,"Post only states hiring/open positions; no explicit evidence on safety, diversity/equal opportunity, training/development, or job satisfaction.",No,No content related to respecting fundamental human rights conventions.,No,"No indication of community engagement, public health initiatives, or business ethics topics.",No,"No mention of product/service quality, customer health and safety, or data privacy.",No,No information on corporate governance practices or structures.,No,"No mention of shareholder rights, treatment, or anti-takeover measures.",No,No communication about integrating social/environmental considerations into strategy or CSR reporting.
Page Industries Ltd,2022,https://www.linkedin.com/posts/jockey-india_pageians-pil-pageindustries-activity-6940254376099753985-4pPc?utm_source=share&utm_medium=member_desktop&rcm=ACoAAFX9cucB265rYizKTaJoNqng6qm1sY5pZcI,"Importance of Ergonomics in the Workplace

Not only does ergonomics increase comfort; it increases productivity and decreases stress. 

hashtag#pageians hashtag#pil hashtag#pageindustries hashtag#jockey hashtag#speedo hashtag#jockeyindia hashtag#speedoindia hashtag#productivity hashtag#managingstress hashtag#ergonomics hashtag#ergonomicsolutions",No,Yes,No,No,No,"The post does not mention materials, energy, water use, or supply chain eco-efficiency.",No,There is no reference to reducing environmental emissions or operational carbon impacts.,No,"Ergonomics is discussed in terms of comfort and productivity, not environmental technologies or eco-designed products.",Yes,"The post focuses on workplace ergonomics improving comfort, productivity, and reducing stress, which directly relates to a healthy and safe workplace and job satisfaction.",No,No mention of respecting fundamental human rights conventions or related policies.,No,"No discussion of community engagement, public health initiatives, or business ethics programs.",No,"No mention of product safety, quality management, or customer data/privacy.",No,No reference to corporate governance practices or structures.,No,No content on shareholder rights or anti-takeover measures.,No,The post does not communicate integrated CSR strategy or reporting; it is a brief note on workplace ergonomics.
Titan Company Limited,2022-01-05T09:29:23.344Z,https://www.linkedin.com/posts/titan-industries_spotlightontitanians-lifeattitan-titancompany-activity-6884425574253756416-9LTi?utm_source=social_share_send&utm_medium=member_desktop_web&rcm=ACoAAEFryNABZQXF2Nkdh4xuFAnasIjxrUgCnCE,"5 Professional Goals for 2022

Narasimhan YL walked through the doors of Titan in 2005. Every day since then, his journey has been filled with moments of learning, growth and teamwork. As we step into 2022, he shares 5 pieces of professional advice to help carve your very own success story this year.

1. Always trust the journey. A solid process in place is half the job well done. 

2. Set realistic goals but with room for exploration/experimentation. 

3. Build and nurture your team based on trust. 

4. Take time out for self and family to balance out. Step back, reflect and refresh.

5. Last but surely not the least, enjoy every bit of the step with gratitude.

#SpotlightOnTitanians #LifeAtTitan #TitanCompany",No,Yes,No,No,No,"No mention of reducing materials, energy, or water use, nor supply chain eco-efficiency.",No,"No reference to environmental emissions, carbon footprint, or reduction initiatives.",No,"No discussion of environmental technologies, eco-designed products, or reducing customers’ environmental burdens.",Yes,"The post focuses on professional development, team building based on trust, work-life balance, reflection, and job satisfaction—core themes of workforce well-being and development.",No,No explicit reference to respecting fundamental human rights conventions or related policies.,No,"No content about community citizenship, philanthropy, public health initiatives, or business ethics programs.",No,"No mention of product/service quality, customer health and safety, or data privacy.",No,"Does not address corporate governance structures, policies, or board practices.",No,"No mention of shareholder rights, engagement, or anti-takeover mechanisms.",No,"No communication about integrating economic, social, and environmental dimensions into decision-making or CSR reporting."
Titan Company Limited,2022-01-31T10:55:29.432Z,https://www.linkedin.com/posts/titan-industries_titancompany-lifeattitan-activity-6893869326902947840-AxHL?utm_source=social_share_send&utm_medium=member_desktop_web&rcm=ACoAAEFryNABZQXF2Nkdh4xuFAnasIjxrUgCnCE,"It's the last day of the month. And a Monday on top of that. How are you staying motivated today? Here are some ways to lift your spirits and set the tone for a great week ahead.

#TitanCompany #LifeAtTitan",No,No,No,Yes,No,"General motivational message with no mention of materials, energy, water efficiency, or supply chain resource management.",No,"No reference to environmental emissions, carbon footprint, or reduction initiatives.",No,"No discussion of environmental technologies, eco-design, or reducing environmental burdens for customers.",No,"Although motivational in tone and tagged #LifeAtTitan, it provides no explicit evidence of workplace safety, diversity, training, wellbeing programs, or job satisfaction initiatives.",No,"No mention of human rights policies, commitments, or compliance with conventions.",No,"No content about community engagement, philanthropy, public health, or business ethics initiatives.",No,"No information on product quality, customer health and safety, or data privacy.",No,"No details on corporate governance structures, policies, or practices.",No,"No reference to shareholder rights, treatment, or anti-takeover provisions.",No,"No communication of integrating environmental, social, and economic considerations or CSR reporting/strategy."
Titan Company Limited,2022-03-30T10:03:24.075Z,https://www.linkedin.com/posts/titan-industries_leadersinfocus-lifeattitan-titancompany-activity-6914874714410688512-4GlZ?utm_source=social_share_send&utm_medium=member_desktop_web&rcm=ACoAAEFryNABZQXF2Nkdh4xuFAnasIjxrUgCnCE,"This month in #LeadersInFocus, we’ve got Sumant Sood - Head of Innovation, Titan Company Limited, talking about the things that make him tick and sharing tips for youngsters to stay ahead of the game.
#LifeAtTitan #TitanCompany",No,No,No,Yes,No,"The post does not mention materials, energy, water efficiency, or supply chain eco-management.",No,No reference to operational or production emissions or reduction efforts.,No,"Although a Head of Innovation is mentioned, there is no explicit link to environmental technologies or eco-designed products.",No,"The post is a leadership spotlight with general tips; it does not explicitly address employee safety, diversity, job satisfaction, or formal development programs.",No,No mention of human rights policies or practices.,No,"No explicit community engagement, public health initiatives, or business ethics content.",No,"No discussion of product quality, safety, or data privacy.",No,No content on corporate governance practices or structures.,No,No mention of shareholder rights or related practices.,No,"No communication about integrating social, environmental, and economic dimensions into decision-making or CSR reporting."
Titan Company Limited,2022-09-11T04:37:34.797Z,https://www.linkedin.com/posts/titan-industries_titan-go-green-launch-in-pantnagar-activity-6974586716619759616-oSH8?utm_source=social_share_send&utm_medium=member_desktop_web&rcm=ACoAADwGx2IBMJdzHSb2ujHdOLlm6mVVIp7L_Fw,"Here's some sneak peak from our Titan Go Green launch in Pantnagar, Uttarakhand.

Vehicle courtesy : Tata Passenger Electric Mobility Limited


#TitanGoGreen #GoGreen #RunForSustainability #Marathoners #GoGreenRun #LifeAtTitan #VirtualRun #PlantATree #GoGreenMovement",No,Yes,No,No,No,"No mention of reducing materials, energy, or water use, nor supply chain eco-efficiency.",No,No explicit commitment or actions to reduce operational or production emissions; the EV 'vehicle courtesy' note does not state an emissions-reduction initiative.,No,"No reference to environmental technologies, eco-designed products, or innovations that reduce environmental burdens.",No,"No explicit content on employee health and safety, diversity, job satisfaction, or development.",No,No references to human rights policies or practices.,Yes,"Announces a 'Titan Go Green' launch event in Pantnagar with themes like a sustainability run and tree planting (#RunForSustainability, #PlantATree), indicating community engagement and public-interest environmental stewardship.",No,"No discussion of product quality, customer health and safety, or data privacy.",No,No mention of corporate governance practices or structures.,No,No content related to shareholder treatment or anti-takeover measures.,No,"No explicit statement about CSR policies, strategy integration, or reporting."
Titan Company Limited,2022-10-18T08:58:44.495Z,https://www.linkedin.com/posts/titan-industries_family-activity-6988060791123951616-kIIw?utm_source=social_share_send&utm_medium=member_desktop_web&rcm=ACoAADwGx2IBMJdzHSb2ujHdOLlm6mVVIp7L_Fw,"Second film in the Tanishq Jewellery’s series of festive films, ‘Pehli Diwali’ staying true to its narrative captures the essence of Pehli diwali with our new Family. The film breaks into the life of a Lieutenant in The Indian Air Force celebrating her first Diwali away from home with her new Air Force family. Through the film, Tanishq celebrates the growth stories the Indian woman is crafting for herself. 

#NayiShururat Ki #PehliDiwali",No,No,No,Yes,No,"The post promotes a festive film and does not mention materials, energy, water efficiency, or supply chain eco-management.",No,"No reference to operational or production emissions, carbon targets, or reduction initiatives.",No,"No mention of environmental technologies, eco-designed products, or innovations reducing environmental burdens.",No,"Although it highlights a narrative about a woman in the Air Force, it does not describe the company’s own employment practices, safety, diversity, or employee development.",No,There is no mention of policies or actions related to fundamental human rights or labor rights.,No,"The content is a marketing narrative around Diwali and does not describe corporate community programs, philanthropy, public health initiatives, or business ethics commitments.",No,"No discussion of product safety, quality standards, customer health, or data privacy.",No,"No reference to corporate governance structures, policies, or practices.",No,"No mention of shareholder rights, engagement, or anti-takeover mechanisms.",No,The post does not communicate integration of social/environmental considerations into business strategy or CSR reporting; it is a brand/advertising piece.
