Company Name,Year,Date,Text,URL,sentence_count,A_01_score,A_01_reasoning,A_02_score,A_02_reasoning,B_01_score,B_01_reasoning,B_02_score,B_02_reasoning,B_03_score,B_03_reasoning,C_01_score,C_01_reasoning,C_02_score,C_02_reasoning,C_04_score,C_04_reasoning,C_05_score,C_05_reasoning,C_06_score,C_06_reasoning,D_01_score,D_01_reasoning,L_01_score,L_01_reasoning,word_count,Crit_A,Crit_B,Crit_C,Crit_D,Crit_L,AverageRDBL
Aquafil SpA,2026,2026-04-10T20:20:37.816Z,"Tessilquattro Srl (Aquafil Group), in collaboration with the Università di Trento, Indivenire, #ProMFacility by Trentino Sviluppo S.p.A., and Caracol AM, has developed the MAGRITTE composite - an innovative material combining ECONYL® nylon with natural clay - brought to life through the design NILLA by Elide Beltrami. Produced through large-scale additive manufacturing, NILLA is made thus from post-consumer and post-industrial waste, resulting in a versatile and easily transportable solution for the furniture sector. Supported by the Autonomous Province of Trento, this project highlights how digital technologies and Made in Italy expertise can accelerate the transition towards a truly regenerative economy.

Want to explore innovative manufacturers like this?
Come visit us at Stecca3 during Milan Design Week!
👉 Visit our website through the link https://lnkd.in/dqM5KeMt

#MilanDesignWeek #MDW2026 #Fuorisalone #TheNewStateOfMaterials #MaterialInnovation #AdvancedMaterials #IsolaDesignDistrict #Materially #SustainableMaterials #DesignWeek

ECONYL® brand",https://www.linkedin.com/posts/materially-eu_magritte-project-milano-design-week-2026-ugcPost-7448337906538123264-BXlv?utm_source=social_share_send&utm_medium=member_desktop_web&rcm=ACoAABs09r4BuVySre7W6Nsx80Mjly2zKtSu_JM,9,5,"every sentence provides new, unique information",4,Apart from brand names there's great lexical diversity,4,"clear explanation of what ECONYL is made of, and how it's made, but claims like 'versatile and easily transportable solution' and 'digital technologies and Made in Italy expertise can accelerate the transition towards a truly regenerative economy' could be expanded on",3,"Again, claims like 'resulting in a versatile and easily transportable solution for the furniture sector' and 'highlights how digital technologies and Made in Italy expertise can accelerate the transition towards a truly regenerative economy' require the reader to make assumptions.",4,"'truly regenerative', 'easily transportable' are exaggerating, but other adjectives and modifiers remain rather objective or descriptive",,"no numbers, statistics, or quantities that carry significant weight or meaning",,No mention af any timeframes,5,Crearly states which companies and institutions are involved in the project,2,No mention of how this new material will be used and implemented and on what scale,4,"Mostly unambiguous, but last two sentences could possibly be interpreted in different ways",4,Some more information on the topic could be helpful to understand the full implementation and method,4,"uses emoji, exclamation, and question mark at the end but not in the main body of the tekst",135,4.5,3.666666667,3.666666667,4,4,3.9
Gildan Activewear Inc,2026,2026-03-18T12:00:25.548Z,"At Gildan, career development goes beyond training. We support our people’s growth through a blended approach that combines formal learning with meaningful hands-on experience, helping them build rewarding, long-term careers.

This commitment to developing our talent has earned us a place on the 2026 Montreal’s Top Employers list.

From leadership to early-career talent, IT Business Analyst, David Meerson, and Chief Human Resources Officer, Brooke Ferguson, CHRE, share how Gildan’s investment in learning, mentorship, and real-world experience supports employee growth at every stage of their careers.

Read more: https://lnkd.in/dxHRruEg",https://www.linkedin.com/posts/gildan_2026-montreal-top-employer-activity-7440004181857288192-lrfk?utm_source=social_share_send&utm_medium=member_desktop_web&rcm=ACoAAFgUjgkBGSmiRXCkFw7DGB-O57R2S_JLFDk,5,4,Their approach to career development and its role in supporting growth gets repeated once.,2,"'careers', 'experience', 'learning', 'growth',... are terms that are used too frequent here",2,what hands-on experience and formal learning? No examples given for any of the claims,4,"formal learning and hands-on experience leads to rewarding careers leads to their place in montreal's top employer list, however exact way these causal links work is to be assumed",5,no exaggeration,,"""2026"" is the only number here and doesn't carry any significant meaning",5,It pertains to 2026,4,"Fairly clear that it pertains to Gildan's employees and career development support, some important roles in this are also specified and named",3,The specifics of the claim need to be read in another page,3,"what is meant with 'growth', 'formal learning', 'rewarding careers', these could mean different things",2,The specifics of the claim need to be read in another page,5,no emoticons or exclamations,88,3,3.666666667,3.75,2,5,3.545454545
Suominen Oyj,2025,2025-08-20T06:00:36.120Z,"Suominen team will be attending EDANA’s OUTLOOK™25 conference in Budapest, Hungary from September 23 to 25, 2025.

As part of the experience, we are excited to host our traditional Run with Suominen event. Join us for a refreshing 5K run or walk – a moment to connect, network and enjoy the beautiful surroundings. 

Sign up via the registration link in the comment field by September 10, and meet our team on Wednesday, September 24 at 7:00 AM in the lobby of the Budapest Marriott Hotel. The first participants to arrive will get a running t-shirt.

Let’s make every step count – see you there!",https://www.linkedin.com/posts/suominen-corporation_suominen-team-will-be-attending-edanas-outlook-activity-7363812177457143808-i0Tp?utm_source=social_share_send&utm_medium=member_desktop_web&rcm=ACoAAChuQRMBdHkIwKp5VAh3LX4A3zkCuYtgrK0,6,5,No information is repeated,4,"only repeated terms are 'team', 'Suominen', 'September', 'run'",5,"No real claims in here, just a detailed description of upcoming event",,"No claims, nor causal links",4,"slight puffery like 'every step', 'beautiful', 'refreshing'",5,"5K' for the run, which is clear and precise",5,"all dates and specific times are denoted, again however, not related to any sort of claim",4,"No uncertainty about timescales, maybe a bit uncertain what 'team' exactly this refers to",4,What is EDANA's OUTLOOK 25 ?,5,fairly simple text so not really any different possible meanings to it,4,Could be context needed for EDANA's OUTLOOK 25,4,finishes post with 'see you there!',104,4.5,4.5,4.6,4,4,4.454545455
Zhejiang Semir Garment Co Ltd,2026,2026-01-07T05:57:42.668Z,"balabala x Pierre Guignard x Xu Xiaoxue New Year Collection: Weaving Heritage into Wearable Art 🧶 

As balabala approaches its 24th anniversary, we reunite with French illustrator Pierre Guignard and Chinese intangible cultural heritage inheritor Xu Xiaoxue to launch this New Year collection that marries contemporary design with timeless tradition, not only showcasing balabala’s innovative craftsmanship but also underscoring its commitment to bridging cultures through wearable art.

We aspire to give children more than new clothes, but a wearable legacy of Eastern memory.

We draw the warmest shades of red from millennia of culture, reinterpreting them through a modern lens. 

This collection honors tradition while staying relevant today, gently wrapping every child in its radiant hues, vibrant yet refined, festive and full of grace.

Check out our recently held New Year’s event and see how cultures and wearable art are nicely blended.

Explore more: https://balabala.com/",https://www.linkedin.com/posts/semir-international_balabala-semirgroup-culturalcollaboration-activity-7414545751130791936-j3UJ?utm_source=social_share_send&utm_medium=member_desktop_web&rcm=ACoAAD83cM8BveTBQe8d728MIe5rgAE_6phyUq0,6,3,quite a lot of similar statements about culture and marrying tradition and modernity,3,"'culture', 'tradition', 'art',... are repeated",3,how does it marry tradition and modernity? how does it provide wearable legacy to children? can be expanded on,2,"Couple marketing related cause and effects like ""colors drawn from culture lead to warm, radiant hues"", require reader interpretation, are not elaborated on",3,"'gently wrapping', 'vibrant yet refined', 'full of grace': a bit puffery language",,No numbers,5,"message pertains to 24th anniversary, ""today"", for new years collection",5,it's about their new collection in collaboration with the named actors,3,"no information on the kind of illustrations from french illustrator, or the kind of cultural intangible heritage, or what eastern culture it refers to",3,quite vague terms like 'honors tradition while staying relevant today' -> how or why?,3,"""Explore more""",4,only one emoji in title,145,3,2.666666667,4,3,4,3.363636364
Prada SpA,2026,2026-04-01T13:20:04.081Z,"Today, the Prada Group publishes its Sustainability Report 2025.
In line with the Group’s IMPACT sustainability strategy, significant progress was achieved across the three pillars of focus: Planet, People and Culture.
The Group continues to focus on initiatives that generate long-term value for its industry and for society as a whole.

To read the full report, visit: https://lnkd.in/d6aN3wbp",https://www.linkedin.com/posts/pradagroup_pradagroupimpact-activity-7445097654595780608-rQUN?utm_source=social_share_send&utm_medium=member_desktop_web&rcm=ACoAAD484ZYB2sV3_pmVtuTs5T4aCRwQuDMd52w,4,5,"every sentence provides new, unique information",4,only repeated words are 'sustainability' and 'Group',1,No details provided at all about the claims made,2,"Causal link between the sust strategy and progress, but not elaborated at all",4,slight puffery like 'significant progress' ,,No numbers provided,3,'long-term value' ? But clear that the report and progress pertains to 2025 however,4,"demarcated what the initiatives generate value for, unsure if the progress pertains to the company but presumably so",2,No specifics of the claim available in the post at all,3,"what's meant with progress, value, initiatives, ... ?",1,Report is needed to understand what exactly is meant by the claims,5,no emoticons or exclamations,58,4.5,2.333333333,3,1,5,3.090909091
Gildan Activewear Inc,2026,2026-02-11T12:49:04.428Z,"This winter, our Winston-Salem team organized two community events to support neighbors in need. We collected nearly 60 coats and winter accessories to help families and individuals stay warm during the coldest months of the year. 

Employees also wrote 200 Valentine’s Day cards for 165 residents at Oak Forest Health and Rehabilitation Center, spreading cheer just in time for the holiday, with some employees sharing stories about loved ones in long-term care. These are just some of the ways we strengthen connections and show up for the communities where we operate!",https://www.linkedin.com/posts/gildan_lifeatgildan-makingapparelbetter-activity-7427332849231499264--ZPG?utm_source=social_share_send&utm_medium=member_desktop_web&rcm=ACoAAFgUjgkBGSmiRXCkFw7DGB-O57R2S_JLFDk,4,5,"every sentence provides new, unique information",5,"engaging text, only repeated words are 'community' and 'employees'",5,provides quite detailed description of both community initiatives,4,"writing valentines cards may not always 'spread cheer' but fairly clear cause-effect relation, giving out coats and other winter accessories will probably help keep warm",5,"quite precise and fairly objective, maybe 'coldest months', 'just in time for the holiday' is a bit subjective",5,"They give out clear numbers for their initiatives, which is not entirely necessary but shows transparency",5,It's about 'this winter',3,"the scope for the two events is clearly defined, however they're just 'some of the ways we strengthen connections and show up' ?",4,context is clear for the two events but lacking for the last sentence,4,mostly clear but 'spreading cheer' and 'some employees sharing stories' is a bit ambiguous,4,there are no external references but probably could need some extra information on the initiatives,5,no emoticons or exclamations,91,5,4.666666667,4.2,4,5,4.5
Adidas AG,2025,2025-07-17T16:24:59.249Z,"Football pro Lamine Yamal supporting young players in China
 
Last week, Lamine visited Shanghai to join this year’s finals of the China High School Football League (CHFL):  
 
⚽ 🌇 He challenged the young aspiring athletes for a dynamic skill exercise set against the iconic Shanghai skyline – a moment they'll remember.  
 
🏆 During halftime of the final, Lamine gave a masterclass and went head-to-head with former Chinese national goalkeeper Wang Dalei in an epic penalty shootout.  
 
Open for the public for the first time this year, the CHFL finals attracted over 10k passionate fans to the stadium, cheering for the high school players. 🙌",https://www.linkedin.com/posts/adidas_adidasfootball-adidaschina-activity-7351648121778544641-BUqP?utm_source=social_share_send&utm_medium=member_desktop_web&rcm=ACoAAD2I9Z8B375LXs5HhGiec5aEp0Oo3zrqv98,3,5," every sentence provides new, unique information",4,'finals' is repeated a lot,4,fairly detailed but could be more specific regarding 'masterclass' and the exercise,4,"Opening to public leads to 10k fans, fairly clear",3,"overly puffery: 'young aspiring athletes', 'dynamic exercise', 'iconic skyline',...",4,over 10k fans ,5,"last week, this year,...",3,"what event it's about is clear, but not that it pertains to Adidas",4,context is generally clear,4,"'masterclass' can be interpreted in different ways, but generaly unambiguous text",4,can contain some more explanation in external documents,2,excessive emojis,104,4.5,3.666666667,4,4,2,3.833333333
Crocs Inc,2026,2026-01-28T15:00:09.283Z,"Today marks a new chapter in the Crocs story with the launch of a new brand anthem: Wonderfully Unordinary - Let Your Human Out. This is our first new global narrative in nearly 10 years, reflecting who we are becoming as a brand and how we are showing up for a new generation. 
  
The launch is led by a visually stunning new anthem, a first-ever global brand spot of its kind for Crocs, representing far more than a campaign. It’s unlocking the next chapter for the brand, rooted in authenticity, creativity, and at its core is about experiencing life in Crocs in ways that feel fresh, real, and deeply human.  
  
We hope that it makes you feel something, and if it does, we’d love to hear from you. Whether it’s a memory of your first pair of Crocs, or an experience wearing them when you felt authentically yourself.

https://lnkd.in/gzPRGzT6",https://www.linkedin.com/posts/crocsinc_today-marks-a-new-chapter-in-thecrocs-story-activity-7422292406706036738-bmBj?utm_source=social_share_send&utm_medium=member_desktop_web&rcm=ACoAAAXJE9wBuHcwMPg2KcmNt3igYhQO09izULc,7,3,repeating of there being a new anthem and chapter for the brand,3,"'launch', 'brand', 'anthem',... being repeated",2,"""It’s unlocking the next chapter for the brand, rooted in authenticity, creativity, and at its core is about experiencing life in Crocs in ways that feel fresh, real, and deeply human. "" is quite vague, also ""how we are showing up for a new generation"" etc.",1,"Unlocks the next chapter, this is a bit of a marketing term and not specific at all",2,"overly puffery: ""at its core"", ""visually stunning"", ...",5,nearly 10 years is a clear and precise temporal number,4,"today, nearly 10 years, are becoming, ...",3,what does this new chapter include or pertain to? only an anthem?,2,context is needed,2,"""representing far more than a campaign. It’s unlocking the next chapter for the brand, rooted in authenticity, creativity, and at its core is about experiencing life in Crocs in ways that feel fresh, real, and deeply human."" is quite ambiguous",2,context is needed,5,no emoticons or exclamations,149,3,1.666666667,3.2,2,5,2.833333333
Zhejiang Semir Garment Co Ltd,2025,2025-12-05T09:18:59.663Z,"✨ Introducing balabala's 5th store in Ho Chi Minh City! 👏 

On November 22nd, balabala officially unveiled its 5th store at Crescent Mall, Ho Chi Minh City, demonstrating its ongoing growth in Vietnam.

Our grand opening day witnessed boundless laughter and joyfullness. The festive atmosphere, the bright smiles of the little ones, and the warm support from parents made the event incredibly special.

From the very first customers lining up to receive gifts, the moments when kids enjoyed free ice creams, to the adorable check-in photos – everything came together to create a “mini festival” right in the heart of the shopping mall.

Huge thank you to those who visited and experienced our Crescent Mall balabala store. We are truly honored to be this unique ""Childhood Companion"" along with hundreds of millions of families.

📧 Feel free to DM us or drop a comment for further information regarding partnership opportunities.

📞 Partnership & Franchise Contact in Vietnam: 0939 723 892 (Mr. Phúc)

#balabala
#SemirGroupInternational;",https://www.linkedin.com/posts/semir-international_balabala-semirgroupinternational-grandopening-activity-7402637606154592256-IoU0?utm_source=social_share_send&utm_medium=member_desktop_web&rcm=ACoAAD83cM8BveTBQe8d728MIe5rgAE_6phyUq0,9,3,repeatedly talking about the same topic but only adding small amounts of extra information each time,5,very limited repeating of vocabulary,4,"General details provided, just ""childhood companion"" is a bit vague",4,"causal links are present but a bit subjective: e.g. ""everything came together to create a mini-festival""",3,"""adorable"", ""warm"", ""in the heart of"" all quite puffery",5,5th store,5,clear date for the event,5,"scope of company, mall, city is all clear",4,"some context for ""childhood companion"" and ""ongoing growth in Vietnam"" might be helpful but not really necessary",4,all is unambiguous except for the terms mentioned previously,5,fully self-contained,3,"professional but contains a fair amount of emojis, exclamations, and unnecessary apostrophed words",164,4,3.666666667,4.6,5,3,4.166666667
Gabriel Holding A/S,2026,2026-02-26T13:34:35.357Z,"The lavender drift moves between calm and character, a soft pastel violet that brings lightness, depth and quiet confidence to any surface.

Subtle yet distinctive, it balances cool clarity with a gentle warmth, making it effortless to combine across textures and tones. 

Discover how soft tones can shape strong expressions.",https://www.linkedin.com/posts/gabriel_the-lavender-drift-moves-between-calm-and-activity-7432780121561878529-Vxlo?utm_source=social_share_send&utm_medium=member_desktop_web&rcm=ACoAAEsntggBsZ3j--2X3xlvXMIZKK2Ymt0pMxg,3,5,"every sentence provides new, unique information",5,"""tones"" twice but that's all",4,fairly detailed (subjective) description of a color,2,"soft tones can shape strong expressions, etc. Marketing-related causals without much explanations",1,"overused puffery ""cool clarity"", ""gentle warmth"", etc.",,no numbers,,no time references,1,"scope is generally unclear, presumably pertains to the color for a certain assortment of products",1,Raw data dumped without explaining why it matters,3,the terms are clear but have a vague meaning in the context of a color,2,Context could be provided to see how this fits into the product,5,no emoticons or exclamations,50,5,2.333333333,1.666666667,2,5,2.9
Xinfengming Group Co Ltd,2026,2026-05-05T07:10:13.322Z,"Celebrating 9 years of growth and resilience at XinFengMing Group.
On April 18, 2026, our team came together for the “Together for Nine, Striding Forward” endurance walk—led by Chairman Zhuang Yaozhong and Chairman Zhuang Kuilong. With 10 teams and 100 colleagues across departments and bases, every step reflected our shared commitment, teamwork, and determination.
Nine years mark not just a milestone, but a new starting point. Rooted in strength, reaching higher, and advancing sustainably, we move forward with unity and purpose—toward building a stronger future for the chemical fiber industry.",https://www.linkedin.com/posts/xinfengming_celebrating-9-years-of-growth-and-resilience-activity-7457325767237181440-v486?utm_source=social_share_send&utm_medium=member_desktop_web&rcm=ACoAAD1GJl0Bd2OMgzMnzzUGKpde7w8Qc2Fer4s,5,2,"fairly repetitive in information, no real additions to the already stated",5,Excellent lexical diversity,3,"general details but no explanations or examples for ""strength"", ""reaching higher"", etc.",,"no real or relevant cause-effect relations, mostly associations",3,last two sentences a bit exaggerating,5,"teams, colleagues, years, -> all clear",4,"nine years is clear, referring to the future is a bit more vague",5,"clear about time , company, and industry",4,no context needed except maybe for the statements about their growth and past steps,3,"""shared commitment, teamwork, and determination."", ""unity and purpose"",... are all not specified enough",3,"""shared commitment, teamwork, and determination."", ""unity and purpose"",... could all use context or examples",5,no emoticons or exclamations,90,3.5,3,4.2,3,5,3.818181818
Coats Group PLC,2026,2026-04-24T13:27:46.754Z,"Day 3 at Texprocess 2026, and the momentum kept building ⚡

On the main stage, Coats Digital's Managing Director, Himanshu Mehrotra, led the session “GSDQuest - Garment Costing in seconds with AI,” exploring how AI is transforming garment costing, with thoughtful discussion from an audience interested in smarter, faster decision-making.

Coats Digital is helping drive this shift through advanced solutions that bring greater accuracy, speed and insight to manufacturers and brands.

Visit us at our booth to see how we’re supporting the industry’s digital evolution.

📍 Hall 8.0 | Stand F76 | Messe Frankfurt
📅 21–24 April

Let’s shape the future of fashion together.",https://www.linkedin.com/posts/coats_texprocess2026-digitaltransformation-smartmanufacturing-activity-7453434516095922176-n4Nk?utm_source=social_share_send&utm_medium=member_desktop_web&rcm=ACoAADXjFvUB0xG1Iocpo4MBioztPrr0FlCb9pg,5,4,title of the session and description of it are similar information,4,no repetition of vocabulary except for title and description of session,3,could use some explanation of how AI would improve garment costing exactly,2,"could use some explanation of how AI would improve garment costing exactly, and how Coasts Digital  helps this shift",4,"""advanced solutions"", ""smarter, faster decision making"" slightly puffery or subjective",5,"Hall 8.0, Stand F76, both precise and contextual",5,clear mentions of time,3,uncertainty over the extent or range of the garment costing improvements,3,"specific weight in the ""big picture"" is not immediately clear",4,"""smarter decision-making"", and ""insight"" could mean different things",2,details of the claims can only be found when contacting them or having visited the session or their booth,3,"occasional emojis, but overall professional",104,4,3,4,2,3,3.5
Adidas AG,2025,2025-11-11T09:27:35.413Z,"‘Café 3 Stripes’: New community hub in Seoul ☕💬 

We opened a café right in the heart of Seongu’s trendiest streets for our 3-Stripes community to connect, engage, and be inspired in a space that seamlessly blends sport, fashion, and café culture.  

Celebrating the grand opening in style, we made waves with a bold fashion show – exclusive insights in the gallery below. 📸👇  
Shout-out to Jay Park, Hong-chul Noh, Euddeum Sim, and Ja-cheol Gu for joining us for this special moment!  

💪🍿🎵 We’ll be offering morning raves, mini sports classes, a cinema club, and live music for our local community.  

📆 Open only until January 18th, 2026 – stop by when in Seoul!  

📍 Café 3 Stripes Seoul, 1F, 9 Seongsui-ro 7ga-gil, Seongdong-gu, Seoul",https://www.linkedin.com/posts/adidas_caf%C3%A9-3-stripes-new-community-hub-in-seoul-activity-7393942460592410624-jEdK?utm_source=social_share_send&utm_medium=member_desktop_web&rcm=ACoAAD2I9Z8B375LXs5HhGiec5aEp0Oo3zrqv98,5,5,"every sentence provides new, unique information",5,mostly different vocabulary throughout the whole post,4,mostly all detailed enough,3,implies opening the cafe would lead to connection and inspiration etc. marketingrelated and not really explained,3,"""made waves"", ""bold fashion show"", ""trendiest streets"", quite puffery and subjective",,no significant numbers apart from calebdar date and address,5,clear date for event,5,clear what scope everything refers to,4,"mostly everything has enough context, but could maybe use a little more in-depth context",4,"""bold fashion show"" is a bit of a vague term",5,gallery offers pictures with insight but is contained in the post,1,excessive use of emoticons and exclamations,125,5,3.333333333,4.5,5,1,4
Lakeland Industries Inc,2025,2025-09-15T18:58:04.197Z,"We’re proud to share that Lakeland Fire + Safety has been selected to provide advanced decontamination and protective gear care for the Hong Kong Fire Services Department—one of the largest emergency response organizations in Asia.
 
This partnership reflects who we are, a global manufacturer committed to protecting your people. For more than 20 years, our teams in Australia and Hong Kong have supported firefighters with innovative gear and care programs that extend the life of their gear and, most importantly, safeguard their health. Today, we’re honored to expand that support to more than 14,500 firefighters through comprehensive maintenance and decontamination services.
 
This milestone strengthens our global role in fire safety and renews our promise to protect those who protect us all.
 
Read full press release here: https://ow.ly/1rZI50WX8v5",https://www.linkedin.com/posts/lakeland-fire-and-safety_were-proud-to-share-that-lakeland-fire-activity-7373429918178746368-_dYQ?utm_source=social_share_send&utm_medium=member_desktop_web&rcm=ACoAAC068VkBV9XY3vJkG9xYvL4BarqCBKeMpgc,6,4,Slight filler for the 'protecting' part of the information,3,"""gear"", ""care"", ""protection"", ""decontamination"", quite a few terms are repeated",4,Their services are quite detailed but could be specified just a bit more with examples e.g.,3,"gear and care programs that extend the life of gear and…, suggest causal, but are not elaborated on",4,"""innovative"", ""comprehensive""",4,"more than 14500 firefighters, 20 years, could be just a bit more specific though",5,"""today"" -> clear",5,clearly demarcated which countries and company it pertains to,4,gear and care programs could be expanded on,4,"gear and care programs could be expanded on, it's a bit ambiguous rn",3,"Full press release is provided for additional context, care program is not explained within post",5,no emoticons or exclamations,127,3.5,3.666666667,4.4,3,5,4
Nilorngruppen AB,2025,2025-10-28T15:43:23.478Z,"Introducing Hügel ⛷️  – the final concept of this year’s Autumn collection.
Inspired by European alpine heritage, Hügel combines nostalgic outdoor charm with a commitment to responsible sourcing. Circular shapes, vibrant colour contrasts, and tactile finishes bring a sense of playful nostalgia, while the use of certified and bluesign® APPROVED materials reflects the deeper commitment.",https://www.linkedin.com/posts/nilorn_trims-labels-morefitforthefuture-activity-7388963603913199616-zKqg?utm_source=social_share_send&utm_medium=member_desktop_web&rcm=ACoAAD1w7CABySVhztImliJXhj_Jyq5CxF4esqw,3,5," every sentence provides new, unique information",4,"only repeated words are ""Hugel"", ""nostalg*""",3,"meaning of ""deeper commitment""? this seems related to responsible sourcing but isn't elaborated on",2,"deeper commitment through the use of the materials, not based on evidence",2,"""vibrant"", ""tactile"", ""deeper"", all a bit puffery",,na,,this years autumn collection is only temporal reference,3,"scope for the collection is clear, but bluesign initiative rises questions for which this pertains to",4,only questions about relevance is for the bluesign materials,4,"""nostalgic outdoor charm"", ""tactile finishes"" could be elaborated on a bit more to understand its concrete meaning",3,need external context for the bluesign topic,4,"skier emoji, but for the rest no exaggerating stuff",55,4.5,2.333333333,3.666666667,3,4,3.4
Hugo Boss AG,2025,2025-09-26T09:00:15.763Z,"Step into the BOSS Paradox, where bold contrasts redefine the rules of fashion.  

BOSS unveiled a bold Spring/Summer 26 collection at Milan Fashion Week yesterday, celebrating the harmony of opposites with versatile looks that redefine creativity and individuality.  

The runway cast featured Anok Yai, Ashley Graham, model and recent BOSS campaign star Amelia Grey, with BOSS brand ambassador and globally acclaimed K-pop superstar S.COUPS closing the show. VIP guests including brand ambassadors David Beckham, Aaron Pierre, Ishaan Khatter, and Khaby Lame brought star power to the front row. 

The show took place in the historic Fonderia Macchi, an industrial space transformed into a breathtaking stage of raw textures and the fluid elegance of contemporary art, centered around a stunning installation by Dutch artist Boris Acket. 

Learn more about the Spring/Summer 26 collection: on.hugoboss.com/SU26",https://www.linkedin.com/posts/hugo-boss_beyourownboss-activity-7377265741584154626-43Jy?utm_source=social_share_send&utm_medium=member_desktop_web&rcm=ACoAADwKdxQBULMj_xLnkYanIIS_uO8YRpRybDA,8,4,"almost every sentence provides new, unique information",4,"""star"" and ""collection"" but overall real diverse",4,Generaly quite detailed except for statements about the 'redefinition of creativity and individuality',3,marketing related claims without real evidence,2,"""breathtaking"", ""raw"", ""fluid"", ""superstart"",... all quite puffery",,na,4,“Spring/Summer 26 collection” and “yesterday” could be more specific but fairly clear,5,clear what collection for which company and which people were included,3,"clear that it pertains to SS 26, but unclear how important this is for the comp",3,"some unclear, e.g. ""armony of opposites with versatile looks that redefine creativity and individuality. """,3,"""learn more on"" for specifics",5,No use is made of exclamation marks or emoticons,133,4,3,3.75,3,5,3.636363636
Magnera Corp,2026,2026-03-26T13:30:18.146Z,"Mark your calendars! INDEX Nonwovens™26 is just around the corner 📅 

Join us at Stand #2127 to explore our broad portfolio of material solutions engineered for performance, reliability, and new potential across the nonwovens industry. 

We’ll also be showcasing our latest advancement, Next‑Gen Liquid Barrier Technology, an INDEX™ Award–nominated innovation designed to deliver high levels of protection, comfort, and compliance while opening new possibilities for our customers.

This is our biggest industry event of the year, and we’re excited to connect, collaborate, and help shape the future of nonwoven materials.

Want to meet with us at INDEX™26?
Contact: info@magnera.com or visit: https://lnkd.in/enF_Hwj3",https://www.linkedin.com/posts/magneracorporation_mark-your-calendars-index-nonwovens26-is-activity-7442925902977581056-FdYP?utm_source=social_share_send&utm_medium=member_desktop_web&rcm=ACoAAFxp7sYBfVjWhnJhDnuArU5YimZaRl1k-2w,7,4,"almost every sentence provides new, unique information ",5,great lexical diversity,3,could be expanded upon to give the reader a better understanding of the assortment etc.,2,causation for protection and comfort is stated in a marketing way without being verifiable.,2,"""performance, reliability and new potential"", ""high levels of protection, comfort and compliance"",...",5,clear stand number,3,"""just around the corner"" and ""of the year"", first one lacks specificity, second one is okay",3,quite clear but scope of new tech is uncertain,3,"Information is relevant, but its specific weight in the ""big picture"" is not immediately clear (e.g. new tech)",4,could be expanded on certain modifiers,3,could provide more context for e.g. the new tech,3,"Occasionally contains a reinforcing element (calendar, exclamation) to show engagement, but the post remains professional and businesslike",102,4.5,2.333333333,3.6,3,3,3.333333333
Magnera Corp,2026,2026-03-10T12:14:07.381Z,"This month, Magnera teams across the globe are recognizing the women who shape our culture, drive innovation, and strengthen our operations each day.
 
At Charlotte Headquarters, we celebrated with a morning of connection, sharing breakfast and participating in a bouquet‑making activity that reflected the strength, creativity, and individuality our women bring to every part of the business.
 
Today and every day, we appreciate the contributions and the impact Magnera women make across the entire company. Catch a glimpse of the celebration in our morning recap video below 💜 📷",https://www.linkedin.com/posts/magneracorporation_internationalwomensday-womenatmagnera-oursuccessisconnected-activity-7437108525950128128-zRNh?utm_source=social_share_send&utm_medium=member_desktop_web&rcm=ACoAAFxp7sYBfVjWhnJhDnuArU5YimZaRl1k-2w,3,2,repeating the impact women make in their organization in three different ways,4,"""women"", ""celebr*"" repeated but overall quite diverse",2,"Some details provided, leaves the reader with ""how"" or ""what"" questions regarding implementation, e.g. ""today and every day"" -> how?",2,"the causals for ""women drive innovation"" etc. is highlevel and assumptive",2,"""strength, creativity and indviduality"" , ... all without real definition",,no numbers,3,"""Today and every day"" is a bit too general and probably untrue. ""this month"" is reasonable",3,"clear it's about the women on Magnera team, and this event specifically at their HQ, but unclear regarding the extent of further initiatives or appreciation",3,"Information is relevant, but its specific weight in the ""big picture"" is not immediately clear",3,"how does it "" reflected the strength, creativity, and individuality"", in what way do ""we appreciate the contributions and the impact Magnera women make across the entire company"", fairly vague language",4,mostly self-contained,3,contains two emojis but mostly businesslike,89,3,2,3,4,3,2.818181818
Salvatore Ferragamo SpA,2025,2025-07-22T12:19:37.701Z,"A #FerragamoMoment with Jong-Suk Lee at the Seoul Flagship renewal opening — celebrating Ferragamo’s heritage reimagined in a modern space. Featuring the full-category collection, the renewed Flagship brings the brand’s timeless values to life. #FerragamoFW25 look by Maximilian Davis.",https://www.linkedin.com/posts/salvatore-ferragamo_ferragamomoment-ferragamofw25-activity-7353398314458873858-Pseb?utm_source=social_share_send&utm_medium=member_desktop_web&rcm=ACoAAEgJJw8BefmW2ngPsTOBI09zfDAq2oK3oSU,3,5,"every sentence provides new, unique information",4,"""Flagship"", ""renew*""",3,"not too detailed, but short text anyway",2,"Causal link ""renewed flagship brings the brand's timeless values to life"" is subjective and without concrete evidence or explanation",4,"limited modifiers: ""timeless values""",,na,3,FW2025 is broad,4,"clear its about their flagship store, full-category collection may be a bit unclear",3,Requires context for bbig picture relevance,3,leaves room for interpretation,2,Requires context for examples and explanations,5,No use is made of exclamation marks or emoticons,39,4.5,3,3.25,2,5,3.454545455
Aquafil SpA,2025,2025-06-04T14:56:39.384Z,"Aquafil is excited to join the design community at the #ChicagoDesignWeek2025 shows, June 9-11! Visit us at NeoCon and Fulton Market Design Days to explore our activations featuring ECONYL® brand regenerated nylon:

✨ A NeoCon workshop with Pantone and Ultrafabrics on Monday, June 9 at The Mart
✨ An inspiring exhibit of Parsons School of Design - The New School textile student works using ECONYL® that visualizes global migration data from the United Nations IOM - UN Migration at the Design Days Beaudega
✨ Live weaving demonstrations by The Ruggist, Michael Christie in the Aquafil showroom (11-107) at NeoCon. 

Join us as we celebrate innovation and bold design: https://lnkd.in/dCG_M4NR",https://www.linkedin.com/posts/aquafil-spa_chicagodesignweek2025-neocon2025-designdays2025-activity-7336043214312804352-jvHo?utm_source=social_share_send&utm_medium=member_desktop_web&rcm=ACoAADiJs-oB2gBSCUa5sYiLsU7cQUIjgxMRpLE,3,4,"""join us"" and ""visit us"" repeated, other than that always new info",5,"obv ""NeoCon"" and ""ECONYL"" repeated but no alternatives really for these",4,general details but could be elaborated on exactly a bit more,,na,4,"""bold design"", ""inspiring exhibit', 'live weaving"" bit puffery but not extremely",5," showroom number,  clear and unambiguous",5,specific timeframes here,5,scope is clear,4,could be elaborated on relevance,5,all quite unambiguous,4,self-contained message but extra context would be helpful,2,exclamations and emojis,109,4.5,4,4.8,4,2,4.272727273
Christian Dior SE,2025,2025-09-12T16:00:19.141Z,"At #Dior, passion is at the heart of our creations.
The new Dior Magazine is here: Issue No. 51 invites readers into the world of the House’s latest designs, spotlighting the Dior Autumn-Winter 2025 collection through a series of striking visuals enhanced by the creative artistry of Dior Beauty. Vivid surrealism and a spirit of possibility course through the editorials, affirming the House’s boundless creativity on every page.

Photography by Daniel Archer, Chantal Elisabeth Ariëns, Elina Kechicheva, and Sarah Paintadosi.

Find more https://lnkd.in/eB5cwzQy",https://www.linkedin.com/posts/christian-dior-couture_dior-dreamindior-activity-7372298022094815235-4cfw?utm_source=social_share_send&utm_medium=member_desktop_web&rcm=ACoAADutyfIBNJBCHOdkrHWz4jsLK00pw1OjKrE,6,5,"every sentence provides new, unique information",4,repetition of Dior and House but not really avoidable,3,leaves questions about how exactly,3,"magazines visuals are “enhanced by the creative artistry of Dior Beauty,” and others are understandable but have no explanation",1,"""striking visuals"", ""vivid surrealism"", etc. lot of puffery in small text",5,"only numbers are Issue 51 and collection 2025, both clear and specific",4,"""is here"" is clear but could be bit more specific",4,"Clear that it's about Dior('s latest collection), could be a bit clearer regarding importance of the collection",3,could be a bit clearer regarding importance of the collection,3,the puffery and more subjective/artistic language is a bit harder to understand the real concrete meaning of it,3,actual visuals could be helpful and need to be looked at in different page,5,no exclamations or emoticosn,83,4.5,2.333333333,3.8,3,5,3.583333333
Suominen Oyj,2025,2025-10-22T09:30:33.972Z,"Suominen will publish its Q3 result on Wednesday, October 29, 2025. President & CEO Charles Héaulmé and CFO Janne Silonsaari will present the result in English in an audiocast and a conference call for analysts, investors, and media on the same day at 11:00 a.m. (EET). 
https://brnw.ch/21wWPys",https://www.linkedin.com/posts/suominen-corporation_publishing-of-suominens-interim-report-januaryseptember-activity-7386695452211093504-G3sK?utm_source=social_share_send&utm_medium=member_desktop_web&rcm=ACoAAChuQRMBdHkIwKp5VAh3LX4A3zkCuYtgrK0,5,5,short text thus every sentence new info,5,no repetitions,4,quite detailed,,"no causal relations
",5,zero puffery purely factual,4,Q3 clear for third quartile,4,clear time references for publishing it results,5,Scope clearly demarcated,4,"quite clear, could be a bit more info on importance of meeting",5,unambiguous factual info,5,perfectly clear in the post itsel no context needed,5,purely factual,47,5,4.5,4.4,5,5,4.636363636
Magnera Corp,2026,2026-05-05T16:41:07.906Z,"It's not too late to LAUNCH your career this summer 🚀

Applications for the 2026 Magnera LAUNCH Internship Program are still open! If you are ready to gain hands-on experience, solve challenges, and grow with purpose, now is the time to apply.

Apply today: https://lnkd.in/eKN4Twai

#MagneraLAUNCH #Internships

*At this time, we are accepting internship applications from candidates located in the United States",https://www.linkedin.com/posts/magneracorporation_magneralaunch-internships-activity-7457469441375686656-sJ0i?utm_source=social_share_send&utm_medium=member_desktop_web&rcm=ACoAAFxp7sYBfVjWhnJhDnuArU5YimZaRl1k-2w,3,2,quite some repetition of applications open / time to apply / launch your career,3,repeating internships and apply /application,3,leaves questions regarding implkementation,3,suggests applying leads to getting hands-on experience. Present links but not really explained,2,quite puffery eg grow with purpose,,no numbers except for date,3,its about this summer but could be a bit more concrete as this leaves the reader with questions,3,"clearly about internship at magnera in US, what roles or functions not clear",4,relevance and significance is clear,2,"""hands-on experience"", ""solve challenges"",... leave room for interpretation",3,need to look at external pages for details,3,small persuasion with emoji and exclamation mark,62,2.5,2.666666667,3,3,3,2.818181818
Birkenstock Holding PLC,2025,2025-07-09T15:45:01.218Z,"BIRKENSTOCK opens combined office and showroom space in Cologne. 

As BIRKENSTOCK continues to grow, we also grow into new spaces that support collaboration, reflect our identity, and offer a premium experience for partners and customers. 

Yesterday our EMEA team has officially opened a new combined office and showroom in Cologne, just above our existing location in the Rheinauhafen district. The space is designed to meet the needs of a growing team while providing an environment that is both functional and true to our brand. 
Natural materials and a calm, clear aesthetic create an atmosphere that supports focus, connection, and creativity. 

It is a place where product, people, and purpose come together in a meaningful way. The new showroom and office space will be the central base for the DACH region, providing a shared environment for collaboration and brand presence in our biggest European market. 

If you happen to be in Cologne, come by and say hello – the coffee’s on us.",https://www.linkedin.com/posts/birkenstock-deutschland_birkenstock-opens-combined-office-and-showroom-activity-7348738960782712835-o8LF?utm_source=social_share_send&utm_medium=member_desktop_web&rcm=ACoAAB2fJisB56UEMFOKW-93gvW_UdpQs2L7xx0,8,3,"restating similar ideas about growth, collaboration, and brand identity without adding new info in some sentences",3,"repetition of key terms like ""space"", ""grow"", and ""collaboration""",3,"general details given about location, but leaves ""how"" or ""what"" questions for reader",3,causation between design choices and atmosphere etc. plausible but not explained,3,"""premium experience"" and ""meaningful way"" without objective definitions",,na,4,"""yesterday"" relative but okay",5,"specifying the exact teams (EMEA, DACH) and precise location and European market",5,deep context and significance provided,2,"designed to meet the needs of, and ""come together in a meaningful way"", statements like that are a bit vague and subjective",5,provides deep context about the opening,5,zero emojis or exclamations,161,3,3,4,5,5,3.727272727
Marimekko Oyj,2025,2025-05-13T08:23:15.677Z,"The Marimekko Marimini dress - this is where it began.
 
Marimekko Marimini springs from a rich history of dress shapes and prints that drum home Marimekko’s philosophy. Since 1951, we’ve championed a joyful way of life, designing clothes, homeware and accessories that help you look, move and feel your most positive. Decades later, the Marimini is still going strong—still iconic.
 
🌸 Read the full story of this enduring icon on Marimekko Journal: https://lnkd.in/d-R55Uvz
 
Images from the Arkkitehtuuri- ja designmuseo archives.",https://www.linkedin.com/posts/marimekko_marimekko-marimini-paradeofflowers-activity-7327971680146927617-_gAj?utm_source=social_share_send&utm_medium=member_desktop_web&rcm=ACoAAE4W700Ba2ZH3TT3WFNdtt_cuNQs1kG3prE,6,3,"""where it began,"" ""rich history,"" and ""decades later"" slightly restate the same concept of longevity",5,only repetition of brand names,3,general details but could be elabrated on,3,"causal link that Marimekko philosophy and lead to the dress design, however not explicitly explained.",2,"""rich history,"" ""joyful way of life,"" ""most positive,"" and ""enduring icon""",,only a date,4,"“since 1951” and “decades later” second one bit broad and unclearer, first one is specific",5,specifies company and dress and time period,5,placing dress in its company context clearly,3,bit vague terms that are subjective and slightly ambiguous,3,specific details require clicking on link,4,one emoji,80,4,2.666666667,4.25,3,4,3.636363636
Asics Corp,2025,2025-06-23T13:15:02.526Z,"With all eyes on Osaka this year, we’ve transformed our main Osaka store into an immersive experience designed to move body and mind. 

DISCOVER. by ASICS assigns you a personalized activity program based on your lifestyle. Convert your body movement into sound. Enjoy full-body exercise guided by color. Immerse yourself in 360-degree projections to play games and make art with your body.

The experience lasts 15 mins 9 secs – the time it takes for movement to have an uplifting effect on the mind and body, according to our own research.

For a limited time until October, visitors to the ASICS GRAND FRONT OSAKA store can experience not just our products, but the entire worldview of our brand 🥏",https://www.linkedin.com/posts/asics_soundmindsoundbody-activity-7342903011683258368-7jPU?utm_source=social_share_send&utm_medium=member_desktop_web&rcm=ACoAAEXpFdUBS5-iZR-rF_tjQwSjFEwsLb9mgyQ,7,5,no real repetition of information,2,"""experience"", ""movement"", ""body and mind"",...",4,quite granular details of the experience,4,"causal links present, not into too much detail though",4,"""make art with"", but overall not much subjective puffery",5,clear time demarcation for the exercise and according to research,4,"""for a limited time until October"" overall quite specific but not utmost",4,clearly demarcated the store and location,4,context provided for the experience,4,fairly ambiguous though a bit subjective still,5,fully contained,4,one emoji but overal not too persuasive,119,3.5,4,4.2,5,4,4.083333333
Zhejiang Semir Garment Co Ltd,2026,2026-02-14T02:00:01.065Z,"💕 When Valentine’s sweetness meets Lunar New Year luck, let SHAMA fly you into a bright and joyful new chapter in its little red plane! ✈️ 

Want real festive vibes? Start with a touch of lucky red!

SEMIR’s new IP “SHAMA” makes its cheerful debut
with SEMIR’s ""HONG: Oriental Fortune Collection""

Wear prosperity and joy this season, and fill your moments with festive cheer.",https://www.linkedin.com/posts/semir-international_semir-reimagineeverydaywear-shama-activity-7428256672525074432-sI9y?utm_source=social_share_send&utm_medium=member_desktop_web&rcm=ACoAAD83cM8BveTBQe8d728MIe5rgAE_6phyUq0,4,3,repetition of festivity and new chapter / new IP,3,"""red"", ""festive"",...",2,provides few details about the collection,2,"symbolic, marketing related cause and effects, not explained and not all too plausible",1,overuse of puffery,,na,3,"""this season” is a bit vague as to which season it pertains to",5,clearly demarcated collection ip and company,3,significance is unclear,2,"""wear prosperity and joy"" vague and subjective",3,self-contained but details require examples,1,excessive use in small post,64,3,1.666666667,3.25,3,1,2.545454545
Nilorngruppen AB,2025,2025-06-05T13:31:46.424Z,"We’re pleased to announce that Nilörn is returning to the Future Fabrics Expo for the second time, joining the 2025 edition in London on June 24-25!

The Future Fabrics Expo has become the leading platform for sourcing and knowledge-sharing in textile and material innovation. We look forward to being part of this collaborative platform that addresses industry challenges and drives positive change across the fashion and textile sectors.

Visit us at booth Q5C to explore our vision for the next generation of trims, labels, and packaging. Our Material and Innovation Specialist Christina Heines will be there to showcase how we integrate preferred materials into branding products tailored for textile and fashion brands.

Book your ticket here to join us in London: https://lnkd.in/dD4MpGq",https://www.linkedin.com/posts/nilorn_futurefabricsexpo-trims-labels-activity-7336384240755904513-MxLA?utm_source=social_share_send&utm_medium=member_desktop_web&rcm=ACoAAD1w7CABySVhztImliJXhj_Jyq5CxF4esqw,6,4,bit of repetition of the innovation of the expo and the company,3,"key terms repeated, e.g. platform and materials",5,great detail,3,"""platform that addresses industry challenges and drives positive change” does not present strong cause-effect ",3,"""leading platform"" and ""positive change"" could be specified",,na,5,specific references,5,"specifying company, expo, and targeted sectors",5,clearly framed within industry wide innovations,4,languages is fairly unambiguous but a bit general,3,self contained,4,one exclamation at the start to induce engagement,122,3.5,3.666666667,4.75,3,4,4
Prada SpA,2025,2025-11-21T13:15:12.704Z,"On National Tree Day, #PradaGroup and Forestami invite you to recognize the trees that make up the urban forest of the Metropolitan City of Milan. Scroll through the cards and learn how to identify five species you’ve probably already encountered in your daily life. Recognizing trees is the first step to taking care of them - this theme was explored in the latest edition of #ForestamiAcademy. 
Discover more here: https://lnkd.in/d4p-pssG",https://www.linkedin.com/posts/pradagroup_national-tree-day-2025prada-group-and-forestamipdf-activity-7397623622078636033-zo-m?utm_source=social_share_send&utm_medium=member_desktop_web&rcm=ACoAADQgDVgBzp5mkMMKB9kMuPVTpdBNoCdpw-o,4,4,"a bit repetitive on the ""recognizing trees"" theme",2,"""trees"" and ""recognizing""",1,"""recognizing trees is the first step to taking care of them"" leaves a lot of room for interpretation",2,again the recognizing trees claim,5,no puffery,,na,5,"""National Tree Day"" is specific",5,"specifies region, companies, and initiative",4,"it's placed within national tree day and within milan, could have a bit more info on the relevance or importance of it however",3,"clear language, only ""recognizing trees"" leaves room for interpretation imo",3,understanding specifics should be done with external context,3,no persuasive symbolic elements,70,3,2.666666667,4.25,3,3,3.363636364
Gildan Activewear Inc,2026,2026-03-03T13:00:27.161Z,"For the 14th year in a row, Gildan is included in the S&P Global Sustainability Yearbook as a Member in the Textiles, Apparel & Luxury Goods industry. We’re proud of this longstanding recognition that reflects our efforts to operate responsibly across our business.

Read more: https://lnkd.in/edi8Y52b",https://www.linkedin.com/posts/gildan_spgsustainable1yearbook-sustainableyearbook2026-activity-7434583470133182470-HHbt?utm_source=social_share_send&utm_medium=member_desktop_web&rcm=ACoAAFgUjgkBGSmiRXCkFw7DGB-O57R2S_JLFDk,3,5,short post without repetition of info,5,no repetitions,3,leaves room for questions because its very concise,4,"present causal links, but could be elaborated on",3,"""proud"", ""longstanding rec""",3,"14th consecutive year of sus yearbook inclusion, but no mention of how one can obtain that",5,14th consecutive year of sus yearbook inclusion,5,clear boundaries,3,relevant info but big-picture weight is unclear,2,some language is too general and lacks specificity,3,logic is present but requires external elaboration,5,no symbolics,46,5,3.333333333,3.6,3,5,3.833333333
